obs,PRSAL,YER,POPACT,PCS,PCR,HDYR,FWR,CPE,NFWR,HCOCR,URX,ERX,XTR,XTW,REER,MTR,DMTR,MRP,CIR,M2PIR,HHCR,ICC,PIR,QT,LTR,UCAP,PRCPE,CPI,YER_FTEE,PUCPE,CPICORE,ULC,TIPOIVA
1995Q1,7973.4,65.117574,16296.9977368627,1720802.50776332,66.9169,71.4043786030551,81.3888891444743,5.08999914692752,33.2071252078844,45.1407423990809,23.2893058999349,76.7712683067885,48.4107,44.5286284953395,99.4312653333333,44.149306,56.4500930452504,124.740709963324,66.6944022851508,55.159850480181,16.1487308214081,0.5,52.395594741561,1.75152383124439,6.02163594691737,79.04041,5.18567666341699,61.6865973333333,0.00491787432973341,5.56952691427019,63.201217,1034.99984051106,10.9261166236541
1995Q2,8035.2,65.565545,16341.4845531396,1730882.84731571,68.0361,71.7940540350482,82.6759735849338,5.1517041320596,33.3674426205998,45.249884325953,22.9269273527506,77.0588085304828,48.6151,45.3227696404794,101.897093333333,44.718205,56.5701215603564,123.225778989185,66.8450005127237,56.2932543570847,16.6171838326535,4.5,53.3855529298371,1.84568994232612,6.02163594691737,79.15918,5.23122451958925,62.3008536666667,0.00493259593900228,5.58656148200479,63.9403963333333,1044.42046252458,11.0680706118465
1995Q3,8013.6,65.877412,16394.0594648676,1741442.8994319,68.2965,72.250498345054,84.6394145808523,5.24079427157135,33.5384443034081,45.3020965998455,22.7720348195643,77.1880198584528,47.9128,45.8049267643143,102.698773333333,44.146917,56.3262882420361,122.343466999326,66.5057429509762,55.3333006838425,17.0317110971948,-9.33333333333333,54.5125822395847,1.95860411956702,6.02163594691737,78.31795,5.34511429119925,62.669642,0.0049595654563386,5.65896897597387,64.5962733333333,1056.70432575364,10.9951892192915
1995Q4,8056.9,66.341586,16451.344312075,1752524.40351454,68.8748,72.6609371999527,90.9616477559496,5.24227419218446,33.5121890018996,45.1625638496831,22.6017939598425,77.3918412721835,49.8204,46.4572569906791,103.327706666667,46.02295,57.4383256676366,119.756926657899,65.8000971816433,56.1290509232014,17.3539939085945,-12.3333333333333,55.8352762442307,1.99097691012644,6.02163594691737,78.89104,5.32959110180754,63.273768,0.00497921643387347,5.4938128383604,65.227852,1052.83115562549,10.9850741245345
1996Q1,8081.3,66.76964,16535.9121637029,1764479.75031139,68.4761,73.0488940752352,89.3703304474734,5.29804558730993,33.555107808534,44.838514747665,22.6159391536613,77.4787648867579,51.7335,47.7619174434088,104.565146666667,46.344652,58.6950383961293,121.452842245847,66.8550849430501,54.8408074019184,17.715749717438,-26.6666666666667,58.0679116771831,2.18401946618111,6.02357205557291,77.48348,5.36582232349476,63.946647,0.00501827392091873,5.90866583541147,65.8542063333333,1055.75057695136,11.0294083558496
1996Q2,8178.4,67.194536,16616.8347261416,1776183.43934849,69.8198,73.1242544426762,90.8842303742537,5.37057398434588,33.5420966467802,45.4721981501689,22.3760358853383,77.7222171053071,52.3029,48.3291611185087,103.706986666667,47.786313,59.0260702323407,118.396252869196,66.1308252003539,55.6541318161117,18.0214172708036,-9.66666666666667,59.180855682269,2.34894372463552,5.55110298227,77.78274,5.42975053272852,64.5747706666667,0.00502727338021846,5.87445175438596,66.3940566666667,1068.28763390474,11.0785841788367
1996Q3,8291.8,67.849174,16714.2279519762,1787966.35477809,70.1157,73.540650481806,90.6221125179722,5.4410722340357,33.6077104286173,45.5976982527371,21.8631536268967,78.071155997507,54.4224,49.2083888149135,103.399746666667,48.592058,60.0044025472152,117.867594864064,65.8990102746422,54.4333771797756,18.4972818550444,-13.5,60.2939102957216,2.28852444092254,5.06788568915075,77.86811,5.51529211852516,64.9404436666667,0.00502701909327327,5.9685008749757,66.827027,1082.36553971249,11.1745124118259
1996Q4,8425.2,68.120675,16787.9669411036,1799568.20696551,70.4004,73.7734391294844,96.7711381351466,5.44274122468265,33.7014120261377,45.9626797344214,21.4581125865706,78.4146207579611,55.6541,50.3428761651132,102.39011,49.565854,60.6300836444979,118.881447478514,65.5302276163546,54.7102498540765,19.069419655622,-18.1666666666667,60.6454315433698,2.62896808441227,4.08964328016629,76.3478800000001,5.51533602904239,65.347686,0.00499693196405648,5.81760396883842,67.2046213333333,1089.21659606993,11.1903207407539
1997Q1,8662,68.896156,16855.0654992075,1812010.08339292,70.9321,74.5750957704697,99.3564600439192,5.42961413503049,33.9535686827668,46.2668121541603,21.1928292431744,78.7990923624599,56.2758,51.4206391478029,100.496783333333,50.137946,61.7952335395951,121.457417909863,67.4506743152773,53.7863454073488,19.6747524037163,-26.8333333333333,62.9302452021047,2.96657594372224,4.32690827506039,78.9254,5.48424453930308,65.5707373333333,0.00500687891979099,6.03420796890184,67.509024,1084.43088439158,11.3823324749306
1997Q2,8688.2,69.525636,16926.4286593135,1825025.86994507,70.9567,75.1749740517468,107.009488208063,5.48597066070813,34.2551114423551,46.3471487023585,20.8904544360695,79.1463583041909,60.6846,53.2074567243675,99.3696486666667,53.608394,64.149804596546,119.789755173638,68.0705297669579,56.534840733899,20.4246467395358,-23.6666666666667,64.8815043172958,3.50264941169964,5.0202860261201,80.30692,5.57911801624521,65.6443746666667,0.0050139644031616,5.91839058644904,67.7848633333333,1094.13833437846,11.2150767713844
1997Q3,8798.9,70.228651,16981.239435639,1837750.65266084,71.2853,75.7654589713629,111.030295363141,5.5656286608501,34.450284017361,47.3019440137989,20.431708278214,79.6011252315509,64.2925,54.4553928095872,98.3149566666667,55.450874,65.7626967337938,120.015784167778,67.5768499332296,55.6504636289511,21.2831100450709,-27.8333333333333,67.0479862245285,3.75464488811274,4.4290779031789,80.28969,5.66845995781346,66.0904883333333,0.00503337377979731,6.02985187710725,68.1546123333333,1105.74515311959,11.20014937866
1997Q4,8931.7,71.243093,17069.9222160165,1851397.62393462,73.6129,76.2727082539974,109.822433453495,5.55617735686612,34.6697365532569,46.7681728154445,19.9264640958622,80.0119680484784,64.1127,54.9659121171771,99.0704986666667,57.907241,66.7936161541446,119.960339483438,68.801566470459,53.6733939318183,22.294585635189,-22.1666666666667,69.7311762394563,3.71837952513255,3.90976057861736,80.14507,5.66530093140278,66.6221223333333,0.00504143884230266,5.88379979875527,68.5697,1102.1015092446,11.3336877743026
1998Q1,9099,71.950986,17129.1119998146,1866450.64439318,73.4296,76.5969502340243,123.662992701447,5.52500977276204,35.0215824345414,47.6818788645293,19.2450118981931,80.5314904908374,65.2365,55.8167776298269,98.6717753333333,58.80581,68.3937865087323,119.37734531401,71.2535549832492,54.8332251458414,23.6412998257386,-9.66666666666667,73.3315855140886,4.85389129268959,3.33662862910276,80.94439,5.59157070574904,66.8209776666667,0.00503224129248846,6.18497976315395,68.9343423333333,1097.92226795824,11.1577225796384
1998Q2,9181.7,72.495169,17208.3508458927,1881571.14943498,74.5476,77.9216857718624,124.90729373577,5.60528289800838,35.7380899580519,48.1800331436421,18.9788604407309,80.9531229120775,66.3763,55.9302263648469,98.8677423333333,60.953382,69.3063037289735,115.166600723444,71.5907465188066,58.3011515667242,24.9929499152184,-10.6666666666667,75.0477527197631,5.36770099368119,3.08194490775462,82.21154,5.68679212668585,66.949421,0.00502204088560068,6.10883339545285,69.3124756666667,1116.13645242913,11.2517271207985
1998Q3,9301.5,73.364437,17266.5048063644,1898722.41762667,74.9606,78.1083961673599,114.438546748789,5.66283742101139,36.4474332681501,49.5479113649225,18.4205498528365,81.6856324542089,66.7469,55.8735019973369,100.061008333333,62.594796,70.8380501330376,115.456397594865,75.2960524156541,58.5716827676889,26.1130521351542,19.3333333333333,76.9459258513321,4.65929416567276,2.77831209809574,80.96943,5.74675676158437,67.3715563333333,0.00502640739116732,6.21441033445933,69.7375753333333,1126.61727956282,11.3180951925092
1998Q4,9381.9,74.135057,17323.5768284636,1916999.153431,76.5963,79.3514287681308,128.421591167318,5.67568235352254,37.2973614028008,51.5567462231799,17.7646747232101,82.4206572279057,66.7209,56.5258322237017,100.283563333333,65.374362,72.0597102100283,113.384323386361,77.3425498920796,56.9527297791213,27.1313190368412,33.8333333333333,79.5723256281829,4.9369186617045,2.79001979631056,81.03429,5.77243637865689,67.6325446666667,0.00502968601377252,6.09116272328708,70.1321566666667,1128.43671314295,11.3572877377816
1999Q1,9595.6,74.735635,17399.4428534098,1935682.80277391,76.7402,80.5767895126381,127.418680191249,5.66410670978173,38.1967825069422,53.941580109866,16.6399719254333,83.3517150302522,69.416,57.2065246338216,100.027895,67.488424,73.5657809616242,111.441328209981,78.2063597025807,58.6614430141465,28.0901225347254,22.1666666666667,80.7390895852539,5.11948494772397,2.16018084713283,80.41619,5.7428384739941,68.0860006666667,0.0050021508363062,6.37290945790081,70.5740553333333,1132.33424883372,11.304464773147
1999Q2,9727.9,75.862374,17485.1919654302,1955521.7136611,78.0371,81.6987554106407,129.453438376486,5.7079320385243,39.2784279592614,55.7487885675319,15.6672313612573,84.16232941714,70.3633,58.6529960053262,99.0750986666667,69.248522,75.3340298559797,111.455014059248,81.0006427826816,60.4752884103466,29.1203987172737,19,83.5738758231535,5.17813252140866,2.06570915756435,80.17492,5.77689324013687,68.4586556666667,0.00502173683374374,6.29791223452205,71.0119176666667,1136.64499504826,11.271948845676
1999Q3,9918.5,76.768836,17615.0687861692,1976074.16709198,79.2657,83.6339319273249,128.849621799782,5.76786771380086,40.4198473762292,57.3780076030643,15.2994641275032,84.7254050684651,72.1646,60.1278295605859,99.1521376666667,71.44104,76.5898499159225,113.703927916484,81.5076510536729,61.0113214245132,30.2378962462589,1.33333333333333,85.4533704956776,4.86279562936015,2.77586211206667,79.87985,5.81900022440916,68.9575756666667,0.00502914129238509,6.44093057070156,71.3787496666667,1146.8891761968,11.2669930586269
1999Q4,10052.2,77.672155,17763.8411207634,1997569.88654701,80.1265,84.6956553446982,134.783363511496,5.77461497113744,41.793245190376,59.5235608438246,14.9496010857616,85.2042819841875,74.3554,62.2833555259654,98.2923663333333,73.95689,78.647846665762,114.679671369452,83.7625887330928,60.9308520219458,31.4321582949192,16.5,86.7497660069859,5.41592063816899,2.67707791256617,81.55721,5.82750300057825,69.478635,0.00503240521173483,6.37313700843957,71.7596603333333,1147.48608829668,11.3729911015692
2000Q1,10248,78.910737,17922.2025285088,2019680.38300639,81.3552,86.1721196470245,133.318473312529,5.82996602075489,42.9871568373043,61.3501808953094,14.5156160727137,85.5630006068564,76.7223,64.6666666666667,98.100159,75.955898,80.5377350220029,117.941401873964,85.1163596252867,62.1427959019466,32.4550132995677,22.5,89.1677734166925,5.8555530370673,2.68567569440925,80.89084,5.88956782996864,70.1247163333333,0.00503790601018936,6.64821910032638,72.1704086666667,1157.22008488518,11.3700781576253
2000Q2,10394.1,79.879029,18084.4232826236,2042366.49123679,81.7588,87.294013278687,130.939991734801,5.87411582252147,44.4539574505672,63.4811503295499,13.9968550143313,85.9970648131501,78.335,66.6333333333333,97.5666456666667,76.422107,81.5499285351793,119.362121063787,86.315109864137,63.5724336650996,33.7847986914151,29.6666666666667,89.700429269418,5.3613106521157,2.38889034531811,81.40675,5.92073256356309,70.5976073333333,0.00503622297599758,6.55147996034556,72.644564,1166.37326236691,11.2550318495925
2000Q3,10511.6,80.745954,18247.6062459147,2065501.04773798,82.7578,88.3588276839747,128.660584787568,5.94664526677367,46.0061030655734,63.6179746881178,13.6756833177915,86.3334113267139,79.3994,68.3666666666667,98.0372166666667,78.286031,82.7564019403592,119.479743570205,87.944751869292,63.2082338313655,34.8936503250858,14.8333333333333,90.8343405729378,5.24074131549442,1.94367950836748,81.5145,5.98217189099745,71.4306153333333,0.00504974665574324,6.72017860939825,73.234247,1177.61259567554,11.3145657294642
2000Q4,10649.7,81.637113,18390.9704343046,2088894.17875893,82.6232,89.0134854992251,124.685797475866,5.93021190955369,47.3913415097771,64.0210021651081,13.3000244206805,86.6183444277628,81.8571,69.8,97.555953,78.248158,84.2515575069293,121.81939823262,89.0102002425082,62.7238612845679,36.1955061248432,12.6666666666667,92.1400257896112,4.59270931842998,1.36361280413756,81.18579,5.96155990217015,72.269166,0.00504552586201569,6.63025649973827,73.8464896666667,1175.34070218492,11.0686361477328
2001Q1,10809.9,82.452133,18545.4853143434,2112302.01353981,83.7855,89.5984236656653,127.765419514754,6.01294408650794,49.0975501408404,64.0781224211368,13.1853162104863,86.7727235737127,83.7653,69.0333333333333,99.1834976666667,80.412155,85.7249036787447,119.012640371306,90.9582168890061,64.9943438129486,37.7106227419345,15.8333333333333,90.774744631845,4.58714244006895,1.22410276235985,79.90908,6.05976037845744,72.8286533333333,0.00504491868376612,6.82785299806577,74.5058406666667,1191.88126973321,11.4569399244031
2001Q2,10835.8,83.107175,18666.1993486382,2136215.88531602,84.894,90.2680181372564,122.548582250709,6.08572781237481,50.7424978483314,64.0804955409046,13.1635860460391,86.9115056929185,81.6003,67.5666666666667,98.8069526666667,80.110445,85.3771869118246,116.315359961865,92.6887124447327,66.7986246445956,39.1041830037988,18.6666666666667,91.1127572424943,4.40468813367829,1.21658999557595,81.8053599999999,6.12990202298712,73.4733373333333,0.0050622323674705,6.81100321387843,75.131417,1202.18262825729,11.433785559931
2001Q3,10947,83.934495,18748.3213103018,2159946.33522151,86.064,91.1193582840188,115.833795457875,6.18423524311827,52.398678128047,64.0347322049717,12.6942517032715,87.2320015136182,81.4415,66.3666666666667,98.9736826666667,80.256454,85.8243194645255,114.829812402319,94.5031717118826,67.3240018908862,40.443037951842,10.8333333333333,89.9234729496059,3.73295216980806,1.61528371903925,79.31508,6.23338615409392,74.0031053333333,0.00508311904992612,7.003800967519,75.8456683333333,1216.62215312627,11.4328464368406
2001Q4,11035.7,84.529421,18818.1764459588,2183487.5799898,85.9908,91.8823764721115,124.576664703068,6.17251888736264,54.326002841619,64.9551386656563,12.4356580413287,87.604957218625,81.1325,66.2,99.701593,78.96255,85.9706206640788,112.178546527826,95.6442390408175,67.9536222415485,41.8363101149722,4.33333333333333,88.7902063793039,3.75700998767403,2.03344992358153,78.3091600000001,6.22156507655726,74.326344,0.0050758056012586,6.91253951527924,76.5806406666667,1216.06684184912,11.5308390702385
2002Q1,11145,85.010429,18820.6241444411,2207071.16293509,86.9861,92.0813620328092,123.007841037755,6.21874201697369,56.4550420026033,65.1895929798876,11.8701391609465,88.1856460525211,81.0474,67.6,99.7343033333333,80.116812,86.8543306558866,112.466989248688,97.8633198927974,71.8101802286819,42.9300079361088,8.83333333333333,88.0686260644537,3.70133367428454,2.02117347341983,78.66076,6.26844341520419,75.1194736666667,0.00507582525779044,7.08353124787949,77.3262936666667,1225.16865753585,11.3084203058737
2002Q2,11223.7,85.649451,18880.3872865148,2231172.67318676,87.3376,92.584974687154,118.982637120362,6.29106955301946,57.5291843881202,66.4602860560557,11.324044387921,88.5629247077242,83.2897,69.2333333333333,101.254133333333,82.335359,88.6316514837093,109.58305741451,99.5777199366654,75.3542377890549,44.235577960345,15,88.4916474712613,3.44862829583058,1.77981826677337,77.9703800000001,6.34160552141091,76.0670796666667,0.00507925533429009,7.07925470870182,78.062515,1238.58107910985,11.2666698707363
2002Q3,11302.7,86.167701,18993.5716877717,2255107.65093805,88.0715,93.3196561938533,113.48018585226,6.39559562083675,61.0337810379683,68.1853142274654,11.3910858553718,88.6700835769439,82.6217,70.6333333333333,101.900006666667,82.588929,88.8027383998645,108.318360476158,100.895061700833,76.3019757019488,46.2370204595033,-0.333333333333333,88.9278988379186,2.68541398123573,1.33267249902253,79.7802,6.44808736775564,76.5764356666667,0.00509403862752285,7.28009414929388,78.6865603333333,1255.50591357546,11.3183915453845
2002Q4,11413.5,86.81484,19150.3168812723,2279895.50028667,88.5577,94.0645487033666,112.785500761218,6.40998454640583,63.1436868765659,69.7045645568708,11.2138405957608,88.7822356628109,85.4632,71.3,102.814436666667,86.12909,90.7107750241982,107.040457234225,102.117373721624,77.2639050611691,47.6240473048322,-1,89.8525006587806,2.76531358368631,0.591712567843595,81.2256299999999,6.46086854648951,77.2683943333333,0.00509225733793201,7.2096260938743,79.3077423333333,1258.77074174122,11.2625851805958
2003Q1,11530.6,87.671473,19429.3715961403,2305768.57523299,88.359,95.0947366726072,112.834425650528,6.43816017360469,65.2920892634512,72.0217435579296,11.5350084628439,88.5053217220432,85.2286,72.1333333333333,103.96972,85.243268,92.1189989331317,106.634971756292,105.863742071431,81.2300296168734,48.8645409703598,14.6666666666667,91.1248083230983,2.58237782297306,0.249270611295834,79.28081,6.49052246276672,78.0096173333333,0.00509105164133862,7.34864979040068,79.8855523333333,1264.60319540421,11.3457742972826
2003Q2,11609.6,88.266796,19653.0075120458,2331569.18086928,89.2917,96.7725407316418,118.803148473457,6.52096403249731,68.0078386282826,73.9598903994324,11.4737125510876,88.5629214632952,86.1211,72.3333333333333,105.409036666667,87.034907,93.185497737291,103.968555313924,107.337667998891,85.5968241532719,50.794132368343,16.5,91.9198728992123,2.84598417819479,1.11478065934895,78.2619900000001,6.57085878350915,78.2034636666667,0.00509258937019686,7.40233236151604,80.381736,1280.48102025655,11.3099430461499
2003Q3,11689.8,88.872568,19859.3284333837,2358178.61395661,90.2167,97.3713647690129,117.511081172107,6.60080738021377,70.7621642014781,76.2664878366733,11.5475916659712,88.4917170015321,85.2562,73.6333333333333,105.453563333333,87.89002,93.5584284198769,102.470970710117,109.201282321653,87.0823819921252,52.6614368239867,8.16666666666667,92.0407644667389,2.95734278615822,1.27466712523826,80.40786,6.64111993739377,78.773158,0.00510236986089023,7.5754716981132,80.8553213333333,1293.67481389561,11.2644119112924
2003Q4,11800.5,89.785391,20029.2924584302,2385405.75151223,91.4485,98.4566067606105,123.486879615975,6.63228212316731,73.9492357247622,78.0947057978423,11.3881673200974,88.4955598131295,87.1817,76.9,106.066736666667,90.58475,95.4438128306155,102.491546008955,110.39314034295,88.9443503811897,55.1965548532023,-1,94.2931338000043,3.09702277276767,1.69080736333952,80.91697,6.66776625682374,79.3128073333333,0.00511714299555454,7.53835268388383,81.3313043333333,1296.09083211648,11.1978082987677
2004Q1,11940.1,90.330865,20121.779639962,2412983.13013511,92.0023,99.5078479904977,122.315254378482,6.64699211470485,76.3806285278414,80.0885312844766,11.2054655179752,88.6261594565791,88.8856,78.6666666666667,106.12876,93.350039,96.7170523025624,102.690396372204,111.108288918835,93.1221664680473,57.7863306579014,7.16666666666667,95.2941243276361,3.34914176767961,1.83147919755922,79.79359,6.67209478735142,79.7922833333333,0.00509595311971116,7.72000254890716,81.8411853333333,1304.36681000739,11.2535374785768
2004Q2,11951.3,91.031379,20282.1529879913,2441424.6830324,93.1005,99.356575233507,121.609838781175,6.75112247195476,79.1417030017013,81.865668654559,11.2455032907419,88.6853422215936,89.5021,81.0666666666667,106.35292,96.095268,98.0330268784889,102.389381998369,112.853983922111,97.0700334087452,60.2531017472621,16.1666666666667,96.177631462468,3.30310975862094,1.13520057418655,80.07447,6.78152035545635,80.68366,0.00512047986545092,7.77537865557425,82.488223,1318.45503729175,11.3101453029147
2004Q3,12058.1,91.948695,20452.7697728631,2470354.45067954,93.9105,100.018717069825,118.984069342618,6.80787730641854,82.2870656245364,83.6005688751485,10.9496027763227,89.1761985608542,89.536,81.6666666666667,106.99119,96.838998,98.7553912713291,101.706797732404,113.810664994214,97.9161010086832,63.1420593068314,14.3333333333333,100.274616031433,3.21980887344319,0.907975982461766,81.28054,6.82201423065859,81.3427573333333,0.00514130801876506,7.89165585545676,83.124203,1324.15278010396,11.2706827581322
2004Q4,12211.2,92.51449,20646.3975991837,2500013.63425451,94.7879,101.102386650994,126.454305507087,6.84775344687753,86.0218015191051,85.2407114182267,10.4620484149603,89.6496797609731,90.4822,83.7,108.033863333333,99.814888,99.8486274794611,101.633124015944,115.729670129063,100.523830163973,65.8911143562084,17.5,100.3393368549,3.49860409619725,0.393779076335997,81.13958,6.86722083093188,82.0302393333333,0.00511434944607832,7.86961546871583,83.64631,1338.92951959479,11.2652877545488
2005Q1,12291.1,93.450151,20878.016176313,2529995.01020108,95.6751,101.776337983269,127.932101155371,6.87734422749059,89.2165291365632,86.8220472619643,9.87971614247319,90.3014979572091,89.1615,84,108.126873333333,99.358581,100.183676358619,101.768974675805,117.498084802439,104.391945594254,69.4094578211677,24.3333333333333,104.429706643464,3.67896088961165,0.346336700200256,80.35539,6.90410076098115,82.415053,0.00512727083687679,7.95935309310048,84.1562336666667,1341.3264963549,11.3833082455751
2005Q2,12464.7,94.402791,21054.1490171816,2561378.03326844,96.8801,102.57901445273,132.847721509695,6.99094404372279,92.8786964874344,87.8700823613167,9.36506111303037,90.8170746780002,92.4769,86.4,108.309053333333,105.103258,103.264278352522,100.961647627024,120.345938833067,106.980672464915,72.5699339309365,19.3333333333333,108.033994382657,3.67783503491103,0.118200276652473,80.35813,7.02059071236505,83.2992626666667,0.00512629598053803,8.06805674452733,84.7044556666667,1363.74178749411,11.42544457981
2005Q3,12676.9,95.298045,21233.9469228587,2593132.77946101,97.4924,103.150484872492,136.919097553416,7.04884744105592,95.7165673710053,89.3224024089972,8.68754411570822,91.0130609566127,91.4438,86.8666666666667,108.505386666667,103.943085,103.507876899243,101.43980523003,122.303447370436,107.392320349183,75.7196738978334,20,108.798231428673,3.98373197214721,-0.227996922586088,81.89724,7.0671152108135,84.114916,0.0051160143122497,8.24056848333282,85.2545186666667,1377.80057107703,11.4423015007051
2005Q4,12767.3,96.294262,21396.0878836467,2625050.71556666,98.7064,103.115274486547,134.057259102323,7.12554682839531,98.8087311803664,90.7374714448313,8.67318862878835,91.2628564081781,91.6723,89.8333333333333,108.862476666667,104.827619,104.271321189753,101.25404452191,123.647258601795,109.463661178094,79.2640762243983,22.1666666666667,109.797305179508,4.0428911454346,-0.188419044503202,81.61176,7.15635547596801,84.9519533333333,0.00512620707277731,8.23064200872049,85.9277786666667,1390.02321350526,11.4227073894701
2006Q1,12941.4,97.337259,21545.7831463227,2658883.05475904,99.5619,103.851351531427,140.945433674794,7.13008408709808,102.119536302572,92.1822913967603,8.63738337197206,91.2731333265417,94.0873,92.2666666666667,109.654083333333,109.000335,106.364398560318,102.675862081759,126.639314175491,112.264362975531,83.300061855327,15.3333333333333,111.926163404907,4.35718495689684,-0.591059592139695,80.92822,7.16564581377077,85.775963,0.00512053421501168,8.2952806873014,86.5604243333333,1392.44926167959,11.1545924654831
2006Q2,12984,98.353692,21703.5712933307,2693266.03397273,100.5378,104.447275023764,136.540303656563,7.25321705189974,105.334935113717,94.8809807815619,8.53720313016641,91.4743660993558,95.5876,93.9,110.345823333333,111.249498,108.497304830129,102.079376023567,129.400989561676,113.893049484468,86.8423342186861,15,115.081051463773,4.31154305763507,0.0765534016384724,81.67504,7.29306694263511,86.5396983333333,0.00514687494112845,8.34515089364196,87.1591686666667,1409.24680215942,11.083029798384
2006Q3,13139.2,99.324723,21854.6806251613,2728064.13113272,101.1083,105.186994427433,142.319186205498,7.35131935762474,108.732543859368,97.9838325832481,8.37297403226576,91.6646984043161,94.6675,94.6666666666667,110.662493333333,110.513794,108.85159560303,100.697418182751,130.659354386957,114.000581708863,90.5795545950292,12.5,116.676853754311,4.51538497828205,0.386122835891152,81.08681,7.38112314065013,87.0621993333333,0.00516286381852866,8.56118896462947,87.7361133333333,1423.88403336189,11.0530055534037
2006Q4,13255.5,100.268099,22015.8649351853,2763555.58510591,102.3101,106.179598107875,149.686053253575,7.41261500385588,112.877464008431,101.912719435195,8.27116946559591,91.7690721697865,98.4123,97.2,110.64003,116.207187,111.53825607846,99.993799158788,132.002513134531,116.160047937054,94.1198528782128,11.5,120.946481291129,5.04329282929433,1.1950458150475,82.53837,7.44628847745183,87.1592493333333,0.00516486460452778,8.48770232129486,88.2116043333333,1435.20025623859,11.3695960122482
2007Q1,13523.5,101.293716,22171.432480325,2798829.65618057,102.9345,106.021401609885,149.472652109714,7.47401406297768,115.807766847525,104.740597338216,8.06171060270506,91.9401023758949,102.4847,98.5666666666667,110.823493333333,119.299182,114.151956033707,100.205997266718,131.925504958767,116.88251327535,97.4604074806962,11.1666666666667,124.305930952335,5.18167313797677,1.61396842986577,81.65743,7.48805590234438,87.8769293333333,0.00514539126194358,8.83323292308575,88.76964,1452.56476767026,11.0931543487317
2007Q2,13570.9,102.115137,22346.7403372786,2834309.51370243,103.869,105.796532881876,146.468092809211,7.57029923288634,117.940756306341,107.073502201669,8.04160414625093,91.888646970696,102.8619,99.3,111.43333,120.929527,115.770906848983,99.7525046150222,134.578894460679,116.999565723497,100.288229734066,18.8333333333333,125.667235783934,5.25240366768163,1.98230649343485,82.23399,7.57491647417848,88.621618,0.00516168369281161,8.86255383474516,89.3818913333333,1466.63369617729,11.40054848793
2007Q3,13612.2,102.94358,22504.0127171845,2869272.35187523,104.3137,106.44540907421,141.199778208866,7.70034151609796,119.078928609892,108.4804755488,8.29390769992876,91.7966097318297,104.4867,100.633333333333,111.861303333333,121.747735,115.929949022108,99.5633065777383,133.115892456757,116.497836757971,103.526862483582,10.5,127.571680890217,5.1024620834566,2.09038140211592,82.80851,7.69338427801077,89.115746,0.00518827009918555,9.09987774713559,90.0005716666667,1484.18285264423,11.4813016336411
2007Q4,13704.8,103.829374,22682.2144652118,2904725.8454815,105.57,106.343019949304,137.345751773677,7.78244763798471,117.828032817912,109.8152172652,8.53070755111538,91.4467109215795,104.5154,102,113.232646666667,123.269366,116.446553812284,100.410348781397,133.983413567256,116.788633249819,104.531445003113,-5.83333333333333,129.617406544418,5.38178448702006,0.398172509466532,81.67664,7.75815455578183,90.582127,0.00520748170624671,9.12560291089612,90.8177496666667,1494.47431157543,11.2085334727906
2008Q1,13899.6,104.303006,22848.3770201438,2938630.87011843,105.8623,106.809290706222,124.215002289007,7.98936803314336,117.169949230141,110.865365096504,9.1180149468614,90.8028771343228,104.533,103.666666666667,114.296486666667,121.626479,115.95892957233,100.603063745753,132.186840242848,117.013064655796,105.022880789795,-17.6666666666667,128.178733840654,4.50576857982239,-0.23292550024371,81.5747,7.98221224859601,91.7254776666667,0.00516988793116267,9.4082774049217,91.7174083333333,1545.36580667167,11.2701299581751
2008Q2,13688.3,104.361193,23015.8341028434,2971565.41245282,104.3347,107.113236311129,116.432769357306,8.10265779386343,115.36458802029,111.267435206565,10.3552314910128,89.7376828550347,105.6419,102.933333333333,115.062106666667,119.634938,116.054080444425,102.822370024181,129.934698764845,114.63394907899,105.686205776144,-14.8333333333333,131.530758683277,4.43065387160829,-0.150122938770701,80.72622,8.09928162519816,92.7499623333333,0.00522100952037901,9.40576496674058,92.4326316666667,1551.93315818264,11.3601665338246
2008Q3,13495.8,103.57271,23158.5214790465,3000580.7760667,102.2268,107.466080969704,107.247795973184,8.21935016447465,113.171185865017,112.194280213213,11.8496985968166,88.1834594009535,105.1453,102.366666666667,114.972186666667,113.532967,113.360693004314,103.545902760553,125.52064424197,112.266324340923,105.758892991384,-23,123.945495656957,3.84606219559268,-0.196325143012033,80.40171,8.21439688221974,93.426701,0.00522991481475871,9.58914707263835,93.0206403333333,1571.60306727747,10.992967246585
2008Q4,13098.7,102.529432,23239.4673979663,3025577.82510565,101.5402,108.802732991936,102.208502739526,8.31535036940668,111.656875709795,112.618054917869,13.6542549653094,86.2987806096892,95.5181,94.5333333333333,113.432236666667,103.186604,106.174080160894,101.633311044459,121.449045827036,110.43092813941,107.587969571657,-37,113.85632423262,3.00298865197029,1.74947324434656,77.62046,8.31885519296983,92.7625603333333,0.00527642767450956,9.67850405970639,93.3316026666667,1575.94321051308,11.02046076773
2009Q1,12807.7,100.889569,23282.8120027523,3040256.35902179,100.7866,110.102031544241,91.2324802518807,8.39462852563713,110.207531451803,112.494519054997,15.7263432844579,84.2390914016387,89.0629,84.6,113.684863333333,89.205733,99.6660601023364,96.019900658765,115.764210290216,109.041842938281,108.387442970323,-39.6666666666667,98.8241140117013,2.62220498525228,3.61609238086091,73.35669,8.38594171257074,92.2128563333333,0.00530581643868755,9.83080911447674,93.396154,1582.15585153444,11.2093129456712
2009Q2,12505.3,99.912619,23255.8434699756,3054132.24677932,99.0774,110.193380732511,101.131183246713,8.47735124878706,109.338019005457,111.508106798104,17.4788573756883,82.4671468703108,90.2624,84.7333333333333,113.529143333333,91.086691,96.9305891224819,93.9523645372889,108.326231832382,106.473152280952,108.232476927701,-31,91.69827667421,3.08711318263207,4.7358949498664,70.92216,8.46470142823375,92.1586663333333,0.00533952292391473,9.85358153712171,93.3998753333333,1587.66080220736,11.1633122176653
2009Q3,12307,99.602018,23243.294812144,3068068.86596072,99.4981,109.890611122195,108.262155314401,8.57311711621566,108.245272163694,110.302031014678,18.770543288792,81.3014377780874,93.2736,88.6,114.18158,96.914298,98.3006745190728,95.5477321415976,106.248675377394,104.752225412452,107.680152819219,-24,94.27216143713,3.69592946753086,4.90665228256358,69.75625,8.56626975760701,92.4530726666667,0.0053829035744782,10.0331242703158,93.3801313333333,1592.65663922778,10.9547886411408
2009Q4,12211.7,99.539456,23259.6497151281,3081485.27448867,99.6361,109.216399484814,110.851210291188,8.60179653911281,108.432241478462,109.400859132924,19.4534960510619,80.5630839499632,92.9525,93.1,114.5089,96.89566,97.666124625422,96.6248249848173,104.18388308916,103.974071204038,107.478708108498,-28.5,95.9287530920653,3.79058723671359,3.69395513520772,70.56335,8.59222398605819,92.848752,0.00542798398970455,10.0759307642064,93.4467563333333,1584.71295335951,11.0340825379948
2010Q1,12189.8,99.839787,23300.6679781346,3094021.18932405,99.9095,107.425328415386,107.604591725529,8.55276508586734,107.444130526016,108.053297628554,19.686514343751,80.3517085599121,95.9573,96.2,113.13972,98.016905,98.638054871276,96.9343444690028,102.540388274441,102.540491492474,107.312647610021,-30.3216666666667,98.2379342579446,3.4680823877364,2.89381129195739,69.5189400000001,8.5488939871524,93.1705773333333,0.00545987318236256,9.99401800038068,93.5531906666667,1566.47687596408,11.3372248170853
2010Q2,12079.5,100.02145,23357.491294979,3106464.50374852,100.4285,106.879820598212,101.511817486439,8.63063532070776,107.990842613419,107.223879249786,19.9690982256196,80.2225201980833,98.6009,99.6,111.95566,100.626426,99.7976179292231,99.6054995282527,101.486983282473,100.519766518056,106.835828969841,-22.3783333333333,99.5186550076523,3.12780113107994,2.54130700992084,71.81318,8.65826823610252,93.6682106666667,0.00550451548638475,10.099411700621,93.8361,1567.91916419445,11.2948270058582
2010Q3,12039.3,100.070037,23389.170726536,3118013.1928184,99.8363,105.632945253298,107.579874985185,8.5947995115001,104.985679158416,106.041447300864,19.8099279947021,80.0713738901021,100.8264,100.9,112.074436666667,99.56355,100.20169744645,101.029779351386,99.009266858799,98.9944139900866,106.145314059906,-26.02,100.370979106937,3.33946402865892,2.19577505889957,73.8516399999999,8.6398532775928,94.295226,0.00552842588807248,9.88594085218478,94.2614566666667,1554.65582527628,13.0870385601928
2010Q4,11934.8,100.068727,23411.0700003505,3129028.80718498,99.8257,105.249892628982,108.427843530875,8.62387318172506,104.779432560381,103.892087337312,19.9736394359274,79.9152173519026,104.6154,103.366666666667,112.868756666667,101.793118,101.362635971111,102.282272021227,96.9633615842864,98.0020660930472,104.895934897365,-48.1816666666667,101.872493113963,3.19306493028727,2.17266920107198,72.91044,8.69527393441754,95.1943596666667,0.00554876940735483,9.85669308435566,94.65578,1554.1956330523,12.9483150354958
2011Q1,11813,99.707734,23405.271267928,3139324.91985322,98.5939,105.01386868591,112.41192927656,8.61903010831769,100.411666551676,101.103394662842,20.418933593058,79.5743702586307,107.9746,104.6,113.139996666667,102.40516,101.748976007504,105.305624332122,93.3903683358362,95.0047365067012,103.527864500367,-61.2283333333333,102.737896439525,3.42618144870826,1.82053689123298,72.55853,8.68430490536162,96.4081876666667,0.0055748115222472,9.8050275239309,95.1472293333333,1546.0666381136,12.75256974934
2011Q2,11720,99.229875,23429.7413908054,3148775.12515234,98.117,104.586539242832,118.857809024729,8.67258932624343,97.9926781098391,98.5698686880363,20.7722319003851,79.0398057587965,106.2548,104,113.934066666667,99.331337,99.556826918822,106.883117890972,91.7164863945392,92.7009409480189,102.681901610592,-50.2016666666667,99.9661306919398,3.36058906635283,1.88918994252643,74.6511299999999,8.77264437583245,96.9350626666667,0.00558255274261603,9.78735476898136,95.5239086666667,1553.51677379395,12.6008047754009
2011Q3,11543.3,98.826804,23443.3424209069,3157829.70116583,97.6481,103.828645410458,113.551901383013,8.68433137398971,94.9291775413042,96.410511554478,21.7264378416498,78.3765458161575,107.467,105.2,113.068733333333,98.84327,99.2588396922687,108.344791563233,89.2340448573379,91.4681850805547,101.981755614114,-50.6966666666667,100.456414094306,2.8414288438849,2.35535837893877,73.29202,8.81496855586735,97.190516,0.00563006619800153,9.7599935133382,95.7578793333333,1542.49187639611,12.6841544826631
2011Q4,11375.7,98.240526,23457.9449203597,3166627.42076991,96.2254,102.123912987777,114.97677224725,8.72311158071011,91.1363936359693,94.0169839894003,22.6443266649073,77.4473481664154,107.9288,104.966666666667,112.237693333333,96.203162,98.2931698716909,109.087344129396,86.8462778075085,89.5796943410495,100.809925347261,-55.63,99.8457860502551,2.734819118096,2.9364895516867,72.66708,8.89862492306086,97.779155,0.00565416353475416,9.80504274900615,96.063434,1542.77666839528,12.7111039127579
2012Q1,11118.563,97.38784,23485.6034600045,3174681.41133075,95.8054,100.280132520945,114.254487882754,8.69979154330073,86.5075444566861,92.5277002713101,23.5767734742076,76.4806319985587,107.619,105.166666666667,111.394266666667,94.871171,97.1968618321425,110.255918333272,83.8432032640503,86.381556871206,99.4402919236845,-54.5983333333333,99.2916164038533,2.62430331993267,3.24693866471307,72.57165,8.93388919887038,98.3168423333333,0.00569395963250315,9.71011855896656,96.3391253333333,1527.89835278059,12.5386407471016
2012Q2,10958.605,96.461371,23464.0922430288,3181806.27102622,95.0184,98.4571650818664,107.554233101636,8.67459236135342,82.542688093947,89.6212758104622,24.5463498623141,75.5365664256624,106.7293,106.166666666667,111.32979,92.659383,95.4795019835582,111.131242558138,82.388310110549,83.2483782976673,98.2127016243081,-46.8733333333333,95.4279073815689,2.11684368023046,4.15536053264839,73.03108,8.94282390195019,98.8863153333333,0.00570537818590361,9.65404300454889,96.7514713333333,1520.42372629844,12.5855074810295
2012Q3,10762.531,95.748747,23445.603740992,3187994.94585454,94.0337,97.5774001648534,110.77955940657,8.66813120049273,78.7068895446882,87.9348018379012,25.2208017324708,74.6879048468492,109.5389,106.533333333333,110.99165,93.086555,95.8616880248606,111.52567359078,80.6505992040761,80.8934786503245,96.2874714283639,-50.965,92.3584689770087,2.28521624168387,3.92340222676696,71.63536,8.94629180263902,99.6288896666667,0.00573450144610148,9.62269359100809,97.40505,1511.57537964972,13.5771934182247
2012Q4,10567.782,94.812973,23379.5005559747,3193438.30295571,91.9896,96.0663411971726,115.897689702148,8.43948043876392,77.5407306781442,86.1068089674839,25.8086649310077,74.1423067289297,110.3121,106.366666666667,111.83606,90.958846,95.7142898050513,111.021920741702,79.5889636518187,78.2005222215592,94.7001428262253,-66.6083333333333,91.1057917558954,2.49610658710636,2.86505806202915,74.3351299999999,8.63448664254818,100.412656666667,0.00575282062004494,8.63359576282247,97.9739183333333,1467.01609456719,15.0592787411612
2013Q1,10424.411,94.487681,23320.9222990974,3198069.20080799,91.1683,96.0420653434507,122.734321462688,8.74090208889691,72.4696823710262,84.853921663535,26.3345225522465,73.7434808198604,111.4216,107.533333333333,113.1136,90.559521,96.2712618817847,109.586228121367,77.5060375301928,77.8448514377543,93.3688736651265,-52.51,95.0925983138466,2.55028112925908,2.57145815442457,69.4381300000001,8.9958490000129,100.76675,0.00578499382669866,9.57497900593451,98.3387323333333,1510.96135116969,15.5006327521261
2013Q2,10305.28,94.408812,23223.4424472336,3202077.84953856,90.9996,95.9293545695811,127.029180820618,8.72188023790828,71.4209086134945,83.3547225757226,26.1517386101255,73.752643181491,114.0917,107.933333333333,113.113866666667,92.271495,96.8821819495697,108.802389032733,75.8754357601412,76.6987966744763,92.1494220532603,-54.17,96.199371506349,2.54459604562885,2.76849119080687,73.0779299999999,8.95603864606407,100.60117,0.00582394117184032,9.56174806308158,98.549558,1497.59071744748,15.4325045121562
2013Q3,10265.721,94.34413,23157.8723536346,3206762.72762262,91.1932,95.2876048913746,133.136290812885,8.75406005474079,71.4765432343386,81.0375648575837,26.1120152696385,73.8550919667844,113.2792,108.5,113.542633333333,92.903401,96.9661790301581,109.303142658968,75.1821745304453,76.6437858421866,90.7927744356382,-56.56,102.099534117192,2.68548411743612,3.13087128640172,73.8837699999999,8.99608746637018,101.02092,0.00582924051113912,9.53581260356954,98.6030676666667,1501.74967699696,15.5533026730676
2013Q4,10269.016,94.613456,23058.3629000343,3211440.75075364,91.7574,95.6734266933809,141.889311621644,8.73978367993454,71.1303801789944,79.5007872059426,25.7693135679895,74.2811940318643,114.0071,109.566666666667,113.396533333333,93.946676,97.2416268693828,108.101548051407,74.6853204738979,75.0916318297412,89.8270936941891,-62.815,103.435997036147,3.06773528693496,3.7070065903237,73.58823,8.97668898072243,100.86245,0.00584939685592029,9.55423721750182,98.596156,1494.13416377944,15.6357543338854
2014Q1,10291.038,94.98748,22977.0645560033,3218002.66959068,91.7877,95.6569645562985,149.077850587785,8.71675015098022,71.0784498132554,77.0272825902548,25.2422340406466,74.7566154409545,115.4355,110.2,113.287996666667,96.675298,99.1579150250958,107.619405731991,78.3338681192004,74.6866746815601,88.805992220178,-55.1033333333333,104.401408338971,3.13448117181483,3.34154000678961,75.61086,8.98149183473087,100.9779,0.00585278454582352,9.50475765925055,98.592635,1489.33385173052,15.3400425080921
2014Q2,10407.326,95.354378,22951.7375625756,3225078.18677062,92.4728,96.5502068623692,157.650950016044,8.74394578806429,71.7618619874815,75.8401889119786,24.6346627408842,75.317151245088,116.7119,110.5,112.901563333333,98.024152,100.122059968231,108.72291595902,79.2250959860014,74.2033354406312,88.0155757409831,-52.6566666666667,104.040091774081,3.31238798554647,2.70918567686861,75.41494,9.01360707291074,100.809916666667,0.00583216621968697,9.53633025160081,98.583258,1499.26210239831,15.3525501332191
2014Q3,10478.61,96.003091,22919.866959373,3232363.008743,92.9377,97.2243160900088,158.461258642609,8.7748226005,71.8206770836593,74.9487414386972,24.1506208876607,75.8212170869973,119.5624,111.9,111.986763333333,99.589818,101.178460452522,108.473094061608,79.1198556878852,74.4589789086204,87.168000976763,-29.11,104.76262335287,3.31146822832724,2.70260211425454,75.75237,9.04324442669474,100.690813333333,0.00583993763390743,9.61103105923466,98.5561096666667,1502.55416248835,15.3854367965931
2014Q4,10596.025,96.723313,22969.630922048,3240108.68208449,93.5123,98.2181993210886,155.925230250638,8.75773692383356,72.6713703948856,74.6622154543267,23.7438423308087,76.3336562269603,120.5103,113,111.22784,99.758311,101.857357563453,107.390743661593,78.7806372387611,75.0582865287647,86.5658885854628,-26.9433333333333,107.616865005019,3.22692803509749,2.51664148335808,76.89404,9.00714631254639,100.331441666667,0.00584233031653026,9.58700902627144,98.6049136666667,1499.01434005785,15.4442178163243
2015Q1,10711.594,97.740907,22941.6009009069,3248300.63255513,94.3631,98.7204941169145,171.848429300608,8.88072628700564,72.7495480052592,74.3919075258398,23.1180344541504,76.9463493601116,121.2508,113.633333333333,109.477233333333,102.750049,103.606938838015,107.060732461059,81.1847170855591,74.89390636975,85.9388513838953,-26.3633333333333,112.467247058564,3.37239698276776,2.40182873525924,76.75624,9.12215299019517,99.99417,0.00585857030632714,9.78729899082736,98.7829846666667,1515.85213160532,15.5008416605812
2015Q2,10891.607,98.570375,22957.4874861384,3257225.88047948,94.952,98.8944784928025,166.882375191515,8.87920373392423,74.7010544205459,73.8387494588015,22.4720663176295,77.5993118875186,121.8805,112.533333333333,109.222936666667,103.431715,105.042875131853,108.830501531292,82.1003277380276,75.1201689339835,84.7635102700144,-29.0983333333333,117.35377463156,3.38374790428338,2.0198416708313,77.72834,9.11086017640321,100.560516666667,0.00584010617968215,9.7946518056764,99.0598106666667,1520.38395548615,15.4882722723366
2015Q3,10982.073,99.496067,22907.4264751544,3266459.81474677,96.0657,99.8639290542311,160.444939377651,8.88634920548175,75.2316817371293,73.7305752857123,21.6775133800054,78.2856436461806,123.947,113.866666666667,108.864363333333,105.728555,106.240157650031,107.170363773299,82.1759385458612,75.5731888298155,83.9283185292552,-25.91,119.162290860007,3.12799839405613,2.43169600829201,77.72649,9.12127868363163,100.283383666667,0.00586059680786885,9.81028651188841,99.2975736666667,1516.28741863803,15.5356886804616
2015Q4,11064.258,100.408927,22881.5851378003,3276329.78973073,96.5043,100.705205978741,168.713846127884,8.91655447452201,75.9138692357268,74.3088911466188,20.9586158482148,78.9424651061893,124.943,114.7,108.400956666667,105.567875,106.887203577523,105.776142105581,82.5127682670343,76.3839682421298,83.4482810984419,-25.13,120.83720243974,3.04150309459054,2.08580483511301,77.82497,9.15576479984673,99.957892,0.00586962185984881,9.85002529860639,99.522866,1519.10202861887,15.5215959060628
2016Q1,11169.375,101.161412,22869.682,3287362.87360656,97.4392,102.014397491461,164.869065245003,8.84698781209331,77.7666782594459,74.9635998313813,20.3877964132282,79.612492,126.6874,114.4,108.420833333333,106.412285,107.520174357815,104.684500993856,83.2449152556015,76.947883305317,83.1406411573631,-33.7583333333333,121.0492681909,2.59747321807969,2.34626502087792,77.55372,9.07272612622868,99.3153723333333,0.0058663660920886,9.76526527568815,99.707209,1508.08655191574,15.3048444002517
2016Q2,11259.802,101.957576,22849.647,3299594.7516757,98.0315,101.787976892863,163.576800652698,8.87309965167292,78.1750764671676,75.5397553810059,20.0477650842955,79.953983,129.388,114.566666666667,108.68968,108.408837,109.630320598499,105.02718237925,84.2262248833674,77.3629531657963,82.0551373315485,-42.4983333333333,123.860289462055,2.60628210941871,2.40244482755947,78.18732,9.10560849150987,99.6731183333333,0.00587414399139022,9.82209492467701,99.829235,1510.53492469342,15.2503812853255
2016Q3,11376.464,102.685308,22826.069,3312817.6009679,98.7803,101.655491738776,166.991591613961,8.84812995219427,78.2334170782136,75.9550204816099,19.4080977998045,80.593584,128.7104,115.3,108.921303333333,106.61749,108.990507311605,105.20454239754,83.8106936957024,76.8317445204766,81.1251630626069,-39.7866666666667,124.075010101664,2.57885173138269,1.21083083369567,79.01547,9.08323370782282,100.1479,0.00586878994470146,9.80735851611519,100.067412,1507.65831382032,15.2978980175684
2016Q4,11435.295,103.385886,22744.053,3326924.88946883,99.1583,101.316813127036,168.193562582609,8.87617553598959,78.4416562961216,75.5799243556891,18.691860702672,81.309001,130.6241,117.233333333333,109.394316666667,107.251678,109.935369350397,106.368341178176,84.8809807471911,76.7032210068732,79.877544408019,-40.4733333333333,123.852910934812,2.66101773637504,0.366005366076564,79.20968,9.12332297848915,100.902523333333,0.00588333127142033,9.81344144262614,100.43014,1508.69892013522,15.3260406006563
2017Q1,11536.307,104.198887,22741.768,3342115.60335379,99.5985,101.290083392444,172.517794290086,8.87676379384218,80.0165890658209,76.0588609752716,18.0595694173454,81.940274,133.8111,118.866666666667,109.865643333333,111.226796,112.888847889414,109.481518233214,86.7835614880451,76.9695468811831,78.7903146341537,-42.175,128.465493243339,2.84470755997202,-0.543977347694251,77.5918300000001,9.11801244757021,101.473406666667,0.0058881782878057,9.79316673914145,100.741266666667,1507.55689789927,15.2957688613452
2017Q2,11684.884,105.100009,22704.501,3358526.01475523,100.4067,102.012216680775,174.286408736673,8.85815973425715,80.9263975212515,76.7652317590132,17.3538764549313,82.644402,135.2058,119.533333333333,109.932916666667,111.730223,113.511597513559,108.522511599244,87.5589369543222,77.0797565847624,78.1937842956508,-23.9,128.631296564703,3.07849221430453,-0.252708526546157,78.2538,9.09594442810175,101.466113333333,0.00588460624092953,9.79856512947487,101.070816666667,1505.31052913031,15.2496124564385
2017Q3,11801.765,105.831223,22756.901,3375735.5432612,101.1073,102.134150744378,171.331124634023,8.8703533010941,81.9783894639846,77.1528545834533,16.8879418180251,83.109309,135.9748,121.233333333333,110.610426666667,112.858482,114.684651465912,107.471156542367,88.0616208171074,77.728528221254,77.4053022616576,-19.3166666666667,132.288018990505,2.96846129248918,-0.0918611719932851,79.07073,9.11078243500597,101.78351,0.00588095060803203,9.80080139674417,101.32276,1508.31963951189,15.2558199479834
2017Q4,11872.127,106.547404,22762.583,3393675.88645671,101.6703,102.301733604709,172.749967890057,8.89027938865135,82.7822082915732,77.6910235416132,16.5981523096984,83.398388,136.3321,122.633333333333,110.827916666667,112.866699,115.350286324775,107.799499131346,88.6387877740759,77.9600425043046,76.4138993148225,-13.2416666666667,133.425046246048,2.90285921747947,0.0799585514241929,80.3299999999999,9.13858488863244,102.35055,0.00589365920300851,9.82009306200654,101.414353333333,1508.44816139236,15.2616478569522
