HDI_group;Country;HDI;LifExp;Educ;GNIpc;Pop;PopUrbRat;PopL5;PopB1564;PopG65;DepRatB014;DepRatG65;FertRat;EmpRat;LFPRat;EmpAgrRat;EmpServRat;UnempRat;UnempRatB1524;NINIsRatB1524;HiSkLoSkEmpRat
4;Norway;0.9537;82.2710;12.5668;68058.6161;5.3380;82.2000;0.3009;3.4911;0.9101;26.8330;26.0680;1.6800;61.0000;63.5000;2.0000;78.7000;3.9000;9.7000;4.8500;14.4433
4;Switzerland;0.9459;83.6300;13.3808;59374.7340;8.5256;73.8000;0.4444;5.6666;1.5877;22.4340;28.0190;1.5350;64.9000;68.3000;3.1000;76.6000;4.9000;7.9000;6.0400;12.9742
4;Ireland;0.9425;82.1030;12.5263;55659.6790;4.8187;63.2000;0.3290;3.1190;0.6682;33.0710;21.4220;1.8409;58.0000;61.5000;5.0000;76.5000;5.7000;13.5000;10.0700;5.1852
4;Germany;0.9388;81.1800;14.1322;46945.9499;83.1244;77.3000;3.8689;53.9619;17.8401;20.9820;33.0610;1.5860;58.5000;60.6000;1.3000;71.6000;3.4000;6.4000;5.9000;5.7917
4;Hong Kong-China;0.9388;84.6870;12.0381;60220.7968;7.3717;100.0000;0.3197;5.2504;1.2440;16.7090;23.6930;1.3262;58.6000;60.3000;0.2000;88.0000;2.8000;8.0000;6.1000;1.9270
4;Australia;0.9384;83.2810;12.6830;44097.0193;24.8982;86.0000;1.6271;16.2219;3.8982;29.4550;24.0300;1.8316;61.5000;65.0000;2.6000;78.1000;5.4000;12.2000;8.9400;5.6633
4;Iceland;0.9385;82.8550;12.5367;47566.4547;0.3367;93.8000;0.0210;0.2201;0.0498;30.3370;22.6320;1.7700;74.1000;76.3000;3.7000;79.0000;2.9000;7.3000;4.8700;9.9000
4;Sweden;0.9366;82.6540;12.4260;47955.4472;9.9716;87.4000;0.5912;6.2146;2.0039;28.2110;32.2440;1.8500;60.2000;64.3000;1.8000;80.2000;6.4000;17.0000;6.1300;11.2934
4;Singapore;0.9348;83.4580;11.4965;83792.6743;5.7575;100.0000;0.2361;4.3906;0.6600;16.1010;15.0320;1.2090;65.7000;68.3000;0.5000;82.9000;3.8000;8.6000;4.2900;7.5776
4;Netherlands;0.9335;82.1430;12.1900;50012.5936;17.0596;91.5000;0.8728;11.0368;3.2748;24.8980;29.6720;1.6600;60.9000;63.4000;2.3000;81.4000;3.9000;7.0000;4.1800;5.4810
4;Denmark;0.9299;80.7840;12.5878;48836.0938;5.7521;87.9000;0.2934;3.6658;1.1397;25.8250;31.0890;1.7621;58.9000;62.0000;2.2000;79.2000;5.0000;9.2000;6.8300;4.2421
4;Finland;0.9252;81.7360;12.4396;41779.2649;5.5226;85.4000;0.2787;3.4314;1.1995;25.9840;34.9580;1.5300;54.0000;58.5000;3.7000;74.3000;7.8000;17.3000;8.5200;7.8323
4;Canada;0.9221;82.3150;13.3154;43602.2493;37.0746;81.4000;1.9543;24.8020;6.3887;23.7230;25.7590;1.5250;61.4000;65.2000;1.5000;79.0000;5.9000;11.6000;12.8400;5.4701
4;New Zealand;0.9209;82.1450;12.6782;35107.5002;4.7431;86.5000;0.3008;3.0685;0.7424;30.3790;24.1940;1.9000;66.8000;70.0000;6.2000;73.4000;4.5000;12.2000;11.9200;7.6967
4;United Kingdom;0.9204;81.2360;12.9507;39507.2860;67.1417;83.4000;3.9769;42.9210;12.3513;27.6540;28.7770;1.7500;59.9000;62.3000;1.2000;80.8000;4.0000;11.2000;10.4500;5.7486
4;United States;0.9199;78.8510;13.4134;56140.2335;327.0963;82.3000;19.5115;214.1935;51.7062;28.5710;24.1400;1.7764;59.6000;62.0000;1.4000;79.1000;3.9000;8.2000;13.6500;4.8053
4;Belgium;0.9188;81.4680;11.7839;43820.8420;11.4822;98.0000;0.6369;7.3665;2.1574;26.5840;29.2860;1.7148;49.9000;53.3000;1.2000;78.2000;6.3000;17.6000;9.1500;4.9212
4;Liechtenstein;0.9167;80.5370;12.5485;99732.1420;0.0379;14.3000;;;;;;;;;;;;;;
4;Japan;0.9147;84.4700;12.8000;40799.0143;127.2022;91.6000;5.0511;75.9738;35.0777;21.2580;46.1710;1.3697;59.3000;60.7000;3.4000;72.1000;2.5000;3.7000;3.2700;3.5409
4;Austria;0.9138;81.4340;12.5585;46230.5717;8.8914;58.3000;0.4336;5.9306;1.6895;21.4360;28.4880;1.5292;57.3000;60.2000;3.9000;71.4000;4.8000;9.2000;6.8300;5.0787
4;Luxembourg;0.9087;82.1020;12.1958;65543.0517;0.6042;91.0000;0.0329;0.4226;0.0857;22.7040;20.2800;1.4500;54.9000;58.1000;1.4000;88.1000;5.5000;14.7000;5.2800;7.3182
4;Israel;0.9062;82.8190;12.9592;33649.6895;8.3815;92.4000;0.8456;5.0371;1.0039;46.4660;19.9290;3.0440;61.5000;64.1000;1.0000;81.7000;4.0000;6.9000;14.8500;8.2679
4;Korea;0.9058;82.8460;12.1850;36757.0236;51.1717;81.5000;2.0599;37.1548;7.3782;17.8680;19.8580;1.1100;60.6000;63.0000;4.7000;70.3000;3.8000;10.1000;;2.9353
4;Slovenia;0.9016;81.1720;12.2734;32143.0424;2.0778;54.5000;0.1042;1.3583;0.4074;22.9790;29.9930;1.6000;54.8000;58.0000;5.5000;61.4000;5.5000;10.2000;6.6200;5.9571
4;Spain;0.8928;83.4330;9.8195;35041.2999;46.6929;80.3000;2.0255;30.7960;9.0484;22.2380;29.3820;1.3300;48.5000;57.3000;4.3000;75.8000;15.5000;34.3000;12.4400;2.5890
4;Czechia;0.8908;79.2220;12.7404;31597.0711;10.6657;73.8000;0.5445;6.9319;2.0714;23.9820;29.8820;1.6413;58.8000;60.2000;2.8000;59.4000;2.4000;8.0000;5.6300;7.0070
4;France;0.8911;82.5410;11.4170;40510.7808;64.9905;80.4000;3.7344;40.2999;13.0206;28.9580;32.3090;1.8523;50.0000;55.1000;2.6000;77.1000;9.2000;20.9000;11.0700;4.6521
4;Malta;0.8853;82.3760;11.2881;34795.1786;0.4392;94.6000;0.0216;0.2872;0.0894;21.8390;31.1280;1.4500;52.2000;54.7000;1.0000;79.4000;4.6000;10.2000;7.2700;5.3684
4;Italy;0.8826;83.3520;10.2451;36141.4283;60.6273;70.4000;2.4425;38.7525;13.7937;20.8530;35.5940;1.3300;43.9000;48.9000;3.8000;70.4000;10.2000;31.5000;19.1900;3.2933
4;Estonia;0.8815;78.5670;13.0290;30378.6298;1.3229;68.9000;0.0680;0.8469;0.2596;25.5510;30.6580;1.5878;59.9000;63.4000;3.5000;66.7000;5.5000;11.5000;9.8500;5.7778
4;Cyprus;0.8730;80.8280;12.1039;33100.3186;1.1893;66.8000;0.0655;0.8265;0.1632;24.1580;19.7420;1.3375;57.1000;62.2000;2.5000;80.5000;8.1000;18.1000;13.2100;2.6981
4;Greece;0.8720;82.0720;10.5396;24909.3401;10.5222;79.1000;0.4269;6.7630;2.2786;21.8930;33.6920;1.3024;42.7000;52.8000;12.0000;72.7000;19.2000;39.5000;14.0900;4.3893
4;Poland;0.8718;78.5440;12.2940;27625.7954;37.9216;60.1000;1.8432;25.5705;6.6430;22.3230;25.9790;1.4202;54.8000;56.9000;10.1000;58.4000;3.7000;11.4000;8.6600;6.4722
4;Lithuania;0.8693;75.7370;12.9610;29775.2629;2.8013;67.7000;0.1492;1.8324;0.5520;22.7520;30.1240;1.6698;57.4000;61.0000;7.7000;67.3000;6.0000;12.5000;8.0400;4.6400
4;United Arab Emirates;0.8664;77.8140;10.9541;66911.6629;9.6310;86.5000;0.5020;8.1200;0.1045;17.3210;1.2870;1.4200;80.9000;83.0000;3.7000;72.9000;2.6000;7.8000;11.3100;1.8579
4;Andorra;0.8568;81.7860;10.1555;48640.8942;0.0770;88.1000;;;;;;;;;;;;;;
4;Saudi Arabia;0.8570;74.9980;9.6715;49338.4096;33.7028;83.8000;3.0076;24.1457;1.1169;34.9550;4.6260;2.3400;53.2000;56.5000;4.9000;70.7000;5.9000;25.8000;16.1000;
4;Slovakia;0.8569;77.3880;12.6056;30671.8728;5.4530;53.7000;0.2817;3.7585;0.8523;22.4100;22.6760;1.5020;55.7000;59.7000;2.7000;60.3000;6.8000;18.2000;10.1900;4.1436
4;Latvia;0.8539;75.1720;12.8254;26300.7687;1.9285;68.1000;0.1073;1.2335;0.3865;25.0090;31.3370;1.7167;56.3000;61.1000;6.8000;70.1000;7.9000;14.7000;7.8400;3.1897
4;Portugal;0.8502;81.8570;9.1910;27935.3848;10.2562;65.2000;0.4132;6.6243;2.2516;20.8360;33.9900;1.2880;54.7000;58.7000;6.3000;69.1000;6.9000;20.3000;8.3700;3.6087
4;Qatar;0.8484;80.1000;9.6673;110488.7358;2.7817;99.1000;0.1343;2.3669;0.0381;15.9140;1.6100;1.8805;86.8000;86.9000;1.2000;44.3000;0.1000;0.6000;2.2500;0.9611
4;Chile;0.8469;80.0420;10.4470;21972.2787;18.7292;87.6000;1.2029;12.8700;2.1594;28.7470;16.7790;1.6500;57.9000;62.4000;9.2000;68.1000;7.2000;18.2000;15.8600;1.1824
4;Brunei Darussalam;0.8446;75.7220;9.1000;76388.5434;0.4290;77.6000;0.0341;0.3093;0.0209;31.9370;6.7590;1.8482;59.1000;65.2000;1.3000;82.6000;9.2000;29.3000;19.9700;2.3750
4;Hungary;0.8447;76.7010;11.8894;27144.2115;9.7075;71.4000;0.4484;6.4487;1.8597;21.6950;28.8390;1.4911;54.1000;56.2000;5.0000;63.7000;3.7000;10.3000;10.7300;3.5114
4;Bahrain;0.8378;77.1630;9.4118;40399.1187;1.5694;89.3000;0.1082;1.2292;0.0381;24.5840;3.0980;1.9982;72.1000;72.8000;1.0000;63.7000;1.0000;5.0000;;0.6168
4;Croatia;0.8373;78.3420;11.4052;23060.9618;4.1564;56.9000;0.1885;2.7034;0.8498;22.3110;31.4340;1.4461;47.1000;51.7000;6.9000;66.8000;8.9000;25.5000;13.5700;4.7519
4;Oman;0.8338;77.6330;9.7318;37039.2309;4.8295;84.5000;0.4406;3.6395;0.1156;29.5200;3.1750;2.9300;69.4000;71.6000;4.7000;59.0000;3.1000;8.3000;;1.0171
4;Argentina;0.8301;76.5200;10.5650;17611.2181;44.3612;91.9000;3.7477;28.4449;4.9320;38.6160;17.3390;2.2680;54.8000;60.5000;0.1000;77.5000;9.5000;25.2000;19.2500;1.4450
4;Russian Federation;0.8240;72.3860;12.0200;25036.0202;145.7340;74.4000;9.4974;98.2411;21.3860;26.5740;21.7690;1.8205;59.1000;62.0000;5.8000;67.2000;4.7000;15.3000;12.4100;5.3378
4;Belarus;0.8171;74.5900;12.3058;17038.5285;9.4526;78.6000;0.5657;6.4551;1.4033;24.6980;21.7390;1.7099;60.1000;63.7000;10.6000;58.7000;5.7000;9.8000;;4.9256
4;Kazakhstan;0.8172;73.2360;11.7840;22167.6970;18.3196;57.4000;1.9638;11.7516;1.3542;44.3670;11.5230;2.7638;67.3000;70.8000;15.0000;63.7000;4.9000;4.1000;9.4900;1.8673
4;Bulgaria;0.8157;74.9280;11.8148;19645.9360;7.0516;75.0000;0.3130;4.5400;1.4824;22.6700;32.6520;1.5584;52.4000;55.4000;6.9000;63.3000;5.3000;13.5000;15.0400;2.7899
4;Montenegro;0.8159;76.7700;11.3868;17510.7077;0.6278;66.8000;0.0366;0.4195;0.0940;27.2530;22.4120;1.7506;42.8000;50.7000;7.9000;75.1000;15.5000;29.1000;16.2000;4.5789
4;Romania;0.8156;75.9240;10.9784;23905.7711;19.5061;54.0000;0.9301;12.8988;3.5772;23.4920;27.7330;1.6198;52.1000;54.5000;22.6000;47.3000;4.3000;15.3000;14.5200;2.4563
4;Palau;0.8142;73.6780;12.4000;16720.0127;0.0179;79.9000;;;;;;;;;;;;;12.9200;3.0000
4;Barbados;0.8133;79.0810;10.5569;15912.2776;0.2866;31.1000;0.0151;0.1916;0.0453;25.9410;23.6370;1.6200;59.3000;65.5000;2.8000;78.0000;9.6000;28.0000;;1.8182
4;Kuwait;0.8084;75.3980;7.2757;71164.2150;4.1373;100.0000;0.3021;3.1407;0.1055;28.3740;3.3600;2.1000;72.4000;73.9000;2.3000;72.3000;2.1000;13.9000;;0.8251
4;Uruguay;0.8078;77.7700;8.7287;19434.8519;3.4493;95.3000;0.2392;2.2275;0.5110;31.9120;22.9410;1.9800;59.2000;64.3000;8.7000;71.6000;8.0000;24.7000;17.9500;1.1797
4;Turkey;0.8065;77.4370;7.6679;24905.3807;82.3401;75.1000;6.7492;55.0587;6.9851;36.8630;12.6870;2.0800;46.8000;52.5000;19.2000;54.5000;10.9000;20.0000;24.4100;1.4760
4;Bahamas;0.8055;73.7520;11.5330;28395.3961;0.3856;83.0000;0.0260;0.2709;0.0280;32.0040;10.3300;1.7600;65.7000;74.6000;2.6000;81.3000;11.9000;25.1000;;2.0000
4;Malaysia;0.8042;75.9970;10.1600;27226.6756;31.5280;76.0000;2.6056;21.8594;2.1035;34.6080;9.6230;2.0105;62.4000;64.6000;11.1000;61.6000;3.4000;11.2000;11.6900;2.0971
4;Seychelles;0.8014;73.3330;9.6728;25076.8731;0.0971;56.7000;0.0080;0.0668;0.0074;34.3690;11.0430;2.4600;;;;;;;;2.1429
3;Serbia;0.7993;75.8490;11.1807;15217.6971;8.8028;56.1000;0.4222;5.8067;1.6149;23.7850;27.8120;1.4612;46.9000;54.2000;17.1000;57.7000;13.5000;32.1000;16.9800;3.1484
3;Trinidad and Tobago;0.7990;73.3800;11.0259;28497.3707;1.3898;53.2000;0.0921;0.9568;0.1492;29.6600;15.5930;1.7299;58.9000;60.6000;3.2000;69.5000;2.8000;6.6000;52.0500;1.6789
3;Iran;0.7975;76.4790;10.0115;18166.4675;81.8002;74.9000;7.4415;56.7193;5.0590;35.3000;8.9190;2.1500;38.8000;44.1000;17.4000;50.6000;12.0000;28.4000;;1.3668
3;Mauritius;0.7964;74.8630;9.4300;22724.2348;1.2672;40.8000;0.0658;0.8963;0.1454;25.1560;16.2220;1.3885;54.2000;58.2000;7.1000;65.8000;6.9000;23.5000;19.9400;1.5294
3;Panama;0.7951;78.3290;10.1700;20454.8735;4.1769;67.7000;0.3892;2.7080;0.3385;41.7420;12.5010;2.4688;63.8000;66.4000;14.3000;67.1000;3.9000;10.1000;17.2000;1.3486
3;Costa Rica;0.7935;80.0950;8.6672;14789.9349;4.9994;79.3000;0.3539;3.4559;0.4774;30.8490;13.8150;1.7639;55.2000;60.1000;12.5000;69.1000;8.1000;21.0000;19.0200;0.7527
3;Albania;0.7914;78.4580;10.0546;12299.7993;2.8827;60.3000;0.1731;1.9771;0.3962;25.7690;20.0410;1.6200;48.3000;56.1000;38.0000;42.7000;13.9000;31.0000;32.8000;2.6795
3;Georgia;0.7864;73.6000;12.8146;9569.5221;4.0029;58.6000;0.2795;2.6155;0.5951;30.2960;22.7510;2.0615;58.0000;67.6000;42.9000;43.9000;14.1000;30.4000;24.7600;3.7241
3;Sri Lanka;0.7801;76.8120;11.0518;11610.9082;21.2288;18.5000;1.6902;13.8687;2.2233;37.0380;16.0310;2.2102;50.2000;52.5000;25.9000;45.8000;4.4000;23.2000;27.0900;0.9102
3;Cuba;0.7777;78.7260;11.7508;7811.3582;11.3381;77.0000;0.6084;7.7782;1.7218;23.6310;22.1370;1.6166;52.4000;53.6000;18.3000;64.9000;2.3000;5.7000;;3.9869
3;Saint Kitts and Nevis;0.7768;74.5640;8.5000;26770.0727;0.0524;30.8000;;;;;;;;;;;;;;
3;Antigua and Barbuda;0.7762;76.8850;9.2631;22201.2294;0.0963;24.6000;0.0074;0.0666;0.0085;31.9460;12.7310;2.0000;;;;;;;;
3;Bosnia and Herzegovina;0.7692;77.2620;9.6929;12689.6808;3.3239;48.2000;0.1415;2.2856;0.5475;21.4740;23.9520;1.2700;37.1000;46.8000;16.5000;53.7000;20.8000;46.7000;24.2800;2.0690
3;Mexico;0.7674;74.9920;8.6009;17628.1173;126.1908;80.2000;11.1386;83.5629;9.1156;40.1040;10.9090;2.1400;59.1000;61.1000;13.0000;61.1000;3.3000;6.8000;18.4300;0.9919
3;Thailand;0.7646;76.9310;7.7314;16128.5477;69.4285;49.9000;3.6924;49.3026;8.2626;24.0620;16.7590;1.5346;67.1000;67.5000;30.7000;45.8000;0.7000;3.5000;14.9700;1.2663
3;Grenada;0.7634;72.3840;8.8000;12683.8339;0.1115;36.3000;0.0091;0.0745;0.0107;35.2630;14.4000;2.0732;;;;;;;;
3;Brazil;0.7612;75.6720;7.8410;14068.0477;209.4693;86.6000;14.6543;146.0904;18.6906;30.5900;12.7940;1.7400;55.9000;64.0000;9.4000;70.2000;12.5000;28.6000;24.1600;1.3495
3;Colombia;0.7609;77.1090;8.3266;12895.5949;49.6610;80.8000;3.7299;33.9900;4.2103;33.7180;12.3870;1.8200;63.6000;70.0000;16.4000;64.3000;9.1000;19.0000;22.9100;1.2009
3;Armenia;0.7600;74.9450;11.7939;9277.2328;2.9517;63.1000;0.2108;2.0105;0.3322;30.2930;16.5220;1.7559;48.4000;58.8000;33.3000;51.0000;17.7000;36.8000;36.5900;3.7125
3;Algeria;0.7590;76.6930;7.9865;13639.4349;42.2284;72.6000;4.9508;26.8103;2.6868;47.4870;10.0210;3.0500;36.3000;41.3000;9.3000;60.0000;12.2000;30.0000;20.9500;0.8419
3;North Macedonia;0.7594;75.6880;9.6801;12873.7538;2.0830;58.0000;0.1158;1.4542;0.2847;23.6590;19.5810;1.5000;43.2000;55.0000;16.1000;53.4000;21.6000;44.7000;24.1400;2.0762
3;Peru;0.7591;76.5160;9.2154;12322.6568;31.9893;77.9000;2.7567;21.1516;2.5874;39.0050;12.2330;2.2700;75.0000;77.2000;27.5000;56.9000;2.8000;5.6000;17.6800;0.9975
3;China;0.7576;76.7040;7.9000;16126.5680;1427.6478;59.2000;85.9117;1016.5154;155.9118;25.1070;15.3380;1.6900;65.7000;68.7000;26.8000;44.6000;4.4000;10.6000;;
3;Ecuador;0.7579;76.8000;8.9855;10141.1456;17.0844;63.8000;1.6534;11.0731;1.2228;43.2450;11.0430;2.4400;66.4000;69.1000;27.5000;54.0000;3.9000;8.9000;17.6700;0.5418
3;Azerbaijan;0.7539;72.8640;10.4797;15240.1439;9.9495;55.7000;0.8725;7.0080;0.6164;33.1790;8.7960;2.0835;62.9000;66.3000;36.1000;49.5000;5.2000;13.8000;;1.4960
3;Ukraine;0.7497;71.9530;11.3400;7994.2132;44.2462;69.4000;2.2504;29.9781;7.2717;23.3380;24.2570;1.4435;48.9000;54.0000;15.3000;60.4000;9.4000;19.6000;16.4700;1.8962
3;Dominican Republic;0.7446;73.8920;7.9353;15074.2584;10.6271;81.1000;1.0089;6.9013;0.7527;43.0810;10.9070;2.3600;60.3000;64.0000;9.5000;71.1000;5.8000;13.4000;24.3400;0.7774
3;Saint Lucia;0.7449;76.0570;8.4915;11528.3671;0.1819;18.7000;0.0111;0.1304;0.0178;25.8550;13.6840;1.4442;53.4000;67.5000;10.0000;67.8000;20.9000;45.2000;;
3;Tunisia;0.7392;76.5050;7.1723;10676.9636;11.5652;68.9000;1.0359;7.8082;0.9617;35.8000;12.3170;2.2000;39.3000;46.5000;15.0000;52.1000;15.5000;34.8000;;0.9494
3;Mongolia;0.7347;69.6890;10.1720;10783.7120;3.1702;68.4000;0.3803;2.0767;0.1295;46.4220;6.2340;2.9023;56.1000;59.9000;28.7000;52.2000;6.3000;16.6000;19.8200;3.2065
3;Lebanon;0.7301;78.8750;8.7000;11136.2495;6.8594;88.6000;0.6166;4.5891;0.4803;39.0060;10.4670;2.0900;44.4000;47.3000;12.1000;65.6000;6.2000;17.4000;;
3;Botswana;0.7278;69.2750;9.3300;15951.3304;2.2541;69.4000;0.2722;1.3899;0.0952;55.3210;6.8500;2.8944;59.3000;72.3000;23.0000;59.0000;17.9000;37.1000;;0.5909
3;Saint Vincent and Grenadines;0.7279;72.4150;8.6165;11746.4462;0.1102;52.2000;0.0080;0.0748;0.0106;33.2130;14.1300;1.9019;54.8000;68.3000;13.5000;66.0000;19.8000;41.4000;;
3;Jamaica;0.7257;74.3680;9.7969;7931.5163;2.9348;55.7000;0.2363;1.9797;0.2582;35.2100;13.0410;1.9910;60.7000;67.1000;16.6000;67.8000;9.5000;25.6000;;1.5854
3;Venezuela;0.7258;72.1280;10.3234;9069.6979;28.8871;88.2000;2.5454;18.7958;2.0992;42.5210;11.1690;2.2830;57.0000;62.2000;7.2000;71.7000;8.4000;17.0000;;46.8367
3;Dominica;0.7238;78.1190;7.8000;9245.1601;0.0716;70.5000;;;;;;;;;;;;;;
3;Fiji;0.7237;67.3410;10.8840;9110.4416;0.8835;56.2000;0.0907;0.5746;0.0481;45.3780;8.3790;2.7874;54.9000;57.3000;39.5000;47.5000;4.2000;14.6000;20.0900;1.6923
3;Paraguay;0.7243;74.1310;8.4504;11719.9590;6.9561;61.6000;0.6926;4.4609;0.4473;45.9080;10.0270;2.4455;67.3000;70.6000;20.0000;59.9000;4.7000;11.1000;18.0600;0.8746
3;Suriname;0.7237;71.5700;9.1254;11932.9927;0.5760;66.1000;0.0528;0.3797;0.0398;41.2150;10.4760;2.4298;47.7000;51.6000;7.0000;68.3000;7.6000;15.9000;;3.3333
3;Jordan;0.7234;74.4050;10.4520;8267.8055;9.9653;91.0000;1.1160;6.1693;0.3833;55.3170;6.2130;2.7723;33.4000;39.3000;3.5000;71.8000;15.0000;37.2000;;
3;Belize;0.7202;74.4960;9.7958;7135.9697;0.3831;45.7000;0.0393;0.2489;0.0181;46.5960;7.2890;2.3200;60.9000;67.2000;17.6000;67.8000;9.4000;19.8000;27.3400;0.7742
3;Maldives;0.7187;78.6270;6.8180;12549.2551;0.5157;39.8000;0.0369;0.3927;0.0191;26.4590;4.8630;1.8800;61.4000;65.4000;9.0000;72.4000;6.1000;17.3000;23.4900;3.4000
3;Tonga;0.7174;70.8010;11.2100;5782.5682;0.1032;23.1000;0.0123;0.0605;0.0061;60.4050;10.1550;3.5763;58.9000;59.5000;30.5000;39.8000;1.0000;3.4000;;
3;Philippines;0.7119;71.0950;9.3931;9539.6979;106.6514;46.9000;11.0353;68.1656;5.4633;48.4450;8.0150;2.5800;58.3000;59.8000;25.2000;56.5000;2.5000;6.8000;21.7000;0.9487
3;Moldova;0.7115;71.8080;11.5628;6833.1080;4.0519;42.6000;0.2102;2.9446;0.4647;21.8250;15.7830;1.2552;40.6000;42.1000;32.2000;51.2000;3.4000;10.0000;27.8300;2.5814
3;Turkmenistan;0.7101;68.0730;9.7800;16407.4705;5.8509;51.6000;0.6962;3.7885;0.2590;47.6010;6.8360;2.7850;62.7000;65.1000;22.8000;43.5000;3.8000;7.4000;;
3;Uzbekistan;0.7105;71.5730;11.5250;6461.8425;32.4762;50.5000;3.4069;21.7249;1.4352;42.8820;6.6060;2.4300;62.1000;65.5000;33.4000;36.3000;5.2000;9.7000;;
3;Libya;0.7076;72.7240;7.5600;11684.7334;6.6786;80.1000;0.6422;4.4939;0.2933;42.0860;6.5270;2.2500;43.3000;52.4000;7.9000;65.5000;17.3000;41.9000;;
3;Indonesia;0.7069;71.5090;7.9762;11255.7811;267.6705;55.3000;24.3503;180.9229;15.6779;39.2820;8.6660;2.3195;64.2000;67.1000;30.5000;47.5000;4.3000;15.8000;21.4500;0.6275
3;Samoa;0.7068;73.1870;10.5949;5884.8384;0.1961;18.2000;0.0279;0.1116;0.0094;67.3720;8.4400;3.9029;28.8000;31.4000;5.2000;80.1000;8.3000;17.9000;37.9300;2.7500
3;South Africa;0.7049;63.8570;10.2406;11756.2984;57.7925;66.4000;5.7963;37.9133;3.0734;44.3270;8.1060;2.4139;40.6000;55.5000;5.2000;71.6000;27.0000;52.9000;31.5600;0.7912
3;Bolivia;0.7028;71.2390;9.0175;6849.2019;11.3531;69.4000;1.1916;7.0088;0.8165;50.3340;11.6500;2.7500;65.7000;67.9000;28.1000;50.2000;3.3000;7.4000;11.6400;2.1500
3;Gabon;0.7016;66.1870;8.3201;15794.0782;2.1193;89.4000;0.3105;1.2591;0.0755;62.3220;5.9990;4.0000;41.9000;52.1000;37.6000;52.5000;19.5000;35.1000;;
3;Egypt;0.6997;71.8250;7.3260;10743.8060;98.4236;42.7000;12.9724;60.0103;5.1473;55.4340;8.5770;3.3300;42.6000;48.1000;24.9000;48.6000;11.4000;32.6000;26.8700;3.5674
2;Marshall Islands;0.6976;73.8610;10.8857;4633.4778;0.0584;77.0000;;;;;;;;;;;;;;
2;Viet Nam;0.6927;75.3170;8.2000;6220.2658;95.5460;35.9000;7.8309;66.4545;6.9509;33.3170;10.4600;2.0556;76.0000;77.4000;39.8000;34.4000;1.9000;7.0000;9.7300;0.3130
2;State of Palestine;0.6900;73.8950;9.1046;5313.8331;4.8630;76.2000;0.6900;2.8166;0.1524;67.2440;5.4100;3.6677;31.7000;45.4000;6.7000;62.3000;30.2000;46.8000;33.4500;1.3353
2;Iraq;0.6888;70.4540;7.3160;15364.9557;38.4336;70.5000;5.4044;22.4029;1.2774;65.8550;5.7020;3.6820;39.2000;42.6000;18.9000;57.7000;7.9000;16.6000;;1.2951
2;Morocco;0.6764;76.4530;5.5140;7479.5921;36.0291;62.5000;3.4325;23.7002;2.5267;41.3590;10.6610;2.4200;41.3000;45.4000;38.1000;40.3000;9.0000;21.9000;;0.4509
2;Kyrgyzstan;0.6742;71.3210;10.8804;3316.7933;6.3040;36.4000;0.7877;3.9813;0.2833;51.2240;7.1170;3.0000;57.2000;61.6000;26.5000;51.3000;7.2000;15.0000;21.0200;0.6797
2;Guyana;0.6703;69.7740;8.4668;7615.4167;0.7790;26.6000;0.0757;0.5090;0.0502;43.1840;9.8730;2.4728;50.5000;57.4000;18.5000;55.9000;12.2000;22.6000;35.2000;0.8276
2;El Salvador;0.6667;73.0960;6.9428;6973.4580;6.4207;72.0000;0.5776;4.1466;0.5321;42.0130;12.8320;2.0529;58.3000;61.0000;18.5000;59.7000;4.4000;9.8000;28.4000;0.4086
2;Tajikistan;0.6560;70.8790;10.6717;3482.3787;9.1008;27.1000;1.3292;5.4781;0.2750;61.1100;5.0200;3.6075;38.9000;43.6000;51.1000;32.2000;10.9000;20.6000;;0.9429
2;Cabo Verde;0.6507;72.7820;6.2446;6513.4908;0.5438;65.7000;0.0534;0.3622;0.0251;43.2010;6.9200;2.2885;60.6000;69.1000;13.5000;64.6000;12.3000;23.1000;31.4000;0.5079
2;Guatemala;0.6510;74.0630;6.4679;7377.9158;17.2478;51.1000;2.0490;10.4785;0.8300;56.6810;7.9210;2.8989;60.6000;62.3000;29.3000;50.0000;2.7000;5.7000;27.2600;0.3042
2;Nicaragua;0.6511;74.2750;6.7960;4789.8401;6.4655;58.5000;0.6644;4.1735;0.3393;46.7870;8.1290;2.4200;63.7000;66.7000;31.0000;52.3000;4.5000;8.6000;1.4200;0.3901
2;India;0.6469;69.4160;6.4521;6828.6015;1352.6423;34.0000;116.3794;903.1152;83.5927;40.5190;9.2560;2.2402;50.6000;51.9000;43.9000;31.5000;2.6000;10.4000;;0.4999
2;Namibia;0.6450;63.3730;6.9400;9682.6618;2.4483;50.0000;0.3322;1.4556;0.0890;62.0820;6.1160;3.4153;46.8000;60.8000;19.7000;61.0000;23.1000;44.4000;31.7600;0.6550
2;Timor-Leste;0.6259;69.2600;4.5379;7526.6588;1.2680;30.6000;0.1692;0.7342;0.0547;65.2480;7.4550;4.1000;37.8000;39.0000;50.0000;40.5000;3.0000;10.5000;20.9500;0.8205
2;Honduras;0.6230;75.0880;6.5964;4258.3450;9.5875;57.1000;1.0028;6.0946;0.4497;49.9320;7.3790;2.4872;62.6000;65.2000;31.9000;47.6000;4.1000;7.9000;27.7200;0.4780
2;Kiribati;0.6232;68.1160;7.8655;3917.4330;0.1158;54.1000;0.0146;0.0701;0.0046;58.7370;6.5320;3.5836;;;;;;;46.8900;1.2000
2;Bhutan;0.6173;71.4600;3.1376;8609.1154;0.7544;40.9000;0.0628;0.5147;0.0453;37.7740;8.7990;2.0000;65.5000;67.0000;56.8000;33.5000;2.2000;9.6000;;4.0833
2;Bangladesh;0.6137;72.3200;6.0618;4057.2502;161.3767;36.6000;14.5166;108.3412;8.3244;41.2690;7.6840;2.0520;56.2000;58.7000;40.2000;39.4000;4.3000;12.0000;27.3900;0.4843
2;Micronesia;0.6142;67.7550;7.7174;3700.0969;0.1126;22.7000;0.0121;0.0724;0.0045;49.3140;6.2160;3.0763;;;;;;;23.6900;1.7500
2;Sao Tome and Principe;0.6086;70.1700;6.4368;3024.4308;0.2110;72.8000;0.0314;0.1151;0.0062;77.9400;5.3630;4.3500;51.6000;59.5000;23.7000;58.5000;13.3000;20.3000;;0.8889
2;Congo;0.6085;64.2900;6.5023;5803.8835;5.2444;66.9000;0.8049;2.9135;0.1406;75.1750;4.8270;4.4500;62.1000;69.2000;35.8000;41.9000;10.4000;22.8000;;
2;Eswatini;0.6081;59.4010;6.7478;9359.1127;1.1363;23.8000;0.1426;0.6576;0.0456;65.8550;6.9370;3.0257;41.1000;53.0000;13.0000;62.5000;22.5000;44.2000;35.4600;1.0000
2;Lao;0.6041;67.6100;5.2020;6316.5209;7.0615;35.0000;0.7879;4.4714;0.2878;51.4900;6.4360;2.7000;77.7000;78.2000;68.0000;22.9000;0.6000;1.6000;42.0800;2.7704
2;Vanuatu;0.5968;70.3230;6.8400;2807.8602;0.2927;25.3000;0.0403;0.1683;0.0107;67.5480;6.3290;3.8000;66.7000;70.5000;61.1000;32.3000;5.4000;10.9000;;0.7692
2;Ghana;0.5957;63.7800;7.1840;4098.8603;29.7671;56.1000;4.1040;17.6623;0.9135;63.3620;5.1720;3.8928;63.0000;67.5000;33.9000;47.5000;6.7000;13.7000;30.4600;2.1202
2;Zambia;0.5915;63.5100;7.1042;3581.8866;17.3517;43.5000;2.8689;9.1902;0.3643;84.8430;3.9640;4.6555;69.8000;75.2000;53.9000;35.4000;7.2000;16.1000;43.5300;0.8252
2;Equatorial Guinea;0.5884;58.4020;5.5509;17795.5416;1.3090;72.1000;0.1906;0.7910;0.0322;61.4250;4.0680;4.5543;56.4000;62.1000;41.4000;42.1000;9.2000;18.6000;;
2;Myanmar;0.5843;66.8670;4.9534;5763.9438;53.7083;30.6000;4.5177;36.4380;3.1068;38.8700;8.5260;2.1700;61.1000;62.0000;50.1000;33.9000;1.6000;3.9000;17.3900;0.2385
2;Cambodia;0.5815;69.5700;4.8440;3597.3964;16.2498;23.4000;1.7741;10.4372;0.7424;48.5780;7.1130;2.5238;80.3000;81.1000;30.4000;42.7000;1.1000;1.3000;0.0600;0.4532
2;Kenya;0.5786;66.3420;6.5640;3051.6899;51.3926;27.0000;6.9930;29.7453;1.2022;68.7340;4.0420;3.5200;60.1000;66.3000;57.5000;35.0000;9.3000;18.5000;;
2;Nepal;0.5795;70.4780;4.8560;2748.2004;28.0957;19.7000;2.7212;17.9414;1.6092;47.6280;8.9690;1.9340;81.9000;83.0000;70.1000;17.0000;1.3000;2.1000;35.3500;0.6803
2;Angola;0.5745;60.7820;5.1255;5554.6974;30.8098;65.5000;5.5525;15.7052;0.6829;91.8280;4.3480;5.5500;72.0000;77.7000;49.1000;42.7000;7.3000;17.1000;2.5600;1.4857
2;Cameroon;0.5627;58.9210;6.2917;3291.1279;25.2163;56.4000;4.0030;13.7781;0.6881;78.0230;4.9940;4.6030;73.7000;76.3000;46.3000;39.6000;3.4000;5.8000;17.0100;1.7076
2;Zimbabwe;0.5631;61.1950;8.3422;2661.0721;14.4388;32.2000;2.1964;7.8922;0.4244;77.5730;5.3780;3.6255;79.4000;83.6000;67.2000;25.6000;4.9000;8.2000;48.4700;0.5175
2;Pakistan;0.5604;67.1140;5.1589;5190.0794;212.2283;36.7000;27.2909;128.2228;9.1529;58.3770;7.1380;3.5500;51.7000;53.3000;41.7000;34.7000;3.0000;6.0000;30.9600;0.7239
2;Solomon Islands;0.5573;72.8350;5.5407;2026.7247;0.6529;23.7000;0.1007;0.3666;0.0235;71.6560;6.4080;4.4350;70.1000;71.4000;61.4000;29.6000;1.8000;4.5000;2.2600;5.0909
1;Syrian Arab Republic;0.5489;71.7790;5.1000;2725.1893;16.9451;54.2000;1.7967;10.8576;0.7631;49.0380;7.0280;2.8398;37.8000;41.2000;14.7000;56.4000;8.1000;19.5000;;1.6401
1;Papua New Guinea;0.5431;64.2630;4.6200;3685.7990;8.6063;13.2000;1.0837;5.2274;0.2965;58.9670;5.6720;3.5883;45.7000;46.8000;67.7000;27.4000;2.4000;4.3000;;0.2524
1;Comoros;0.5378;64.1180;4.9085;2426.3858;0.8323;29.0000;0.1216;0.4782;0.0250;68.8170;5.2340;4.2365;42.5000;44.1000;56.9000;29.1000;3.7000;8.5000;;
1;Rwanda;0.5360;68.7000;4.4172;1958.6119;12.3020;17.2000;1.8009;7.0227;0.3615;70.0270;5.1470;4.1000;83.1000;83.9000;66.6000;24.6000;1.0000;1.6000;30.7900;0.1480
1;Nigeria;0.5341;54.3320;6.4619;5085.5403;195.8747;50.3000;32.9172;104.5696;5.3814;82.1690;5.1460;5.4168;51.9000;55.2000;36.6000;51.8000;6.0000;19.7000;21.3600;6.6782
1;Tanzania;0.5283;65.0150;6.0080;2805.1161;56.3134;33.8000;9.3161;30.0153;1.4649;82.7350;4.8800;4.9237;81.6000;83.2000;66.4000;26.6000;1.9000;3.5000;14.9300;0.3190
1;Uganda;0.5282;62.9730;6.0903;1752.2110;42.7290;23.8000;7.5383;21.8467;0.8294;91.7890;3.7960;5.0100;69.8000;71.0000;70.8000;21.9000;1.7000;2.6000;33.4700;0.6684
1;Mauritania;0.5271;64.7040;4.6140;3746.0837;4.4033;53.7000;0.6687;2.5000;0.1383;70.5990;5.5320;4.5850;41.5000;46.3000;55.4000;33.5000;10.3000;16.0000;;
1;Madagascar;0.5207;66.6810;6.1000;1403.9160;26.2623;37.2000;3.9343;14.7975;0.7844;72.1770;5.3010;4.1085;85.0000;86.4000;68.2000;24.4000;1.7000;2.7000;6.7800;0.0797
1;Benin;0.5198;61.4700;3.7740;2134.5894;11.4850;47.3000;1.8416;6.2362;0.3737;78.1740;5.9920;4.8675;69.7000;71.2000;41.4000;39.2000;2.1000;4.2000;;
1;Lesotho;0.5180;53.7050;6.3480;3243.8391;2.1083;28.2000;0.2523;1.3152;0.1033;52.4450;7.8570;3.1641;51.2000;67.0000;66.9000;23.1000;23.6000;33.2000;;0.2428
1;C™te d'Ivoire;0.5157;57.4220;5.1920;3589.4050;25.0692;50.8000;3.9730;13.8392;0.7167;75.9670;5.1790;4.6800;55.9000;57.3000;48.0000;45.8000;2.5000;3.5000;36.0000;0.8623
1;Senegal;0.5138;67.6650;3.0689;3255.9876;15.8543;47.2000;2.5567;8.5388;0.4894;79.9430;5.7310;4.6500;43.4000;46.4000;32.0000;54.4000;6.5000;8.0000;36.2400;0.4534
1;Togo;0.5127;60.7600;4.9499;1592.5367;7.8891;41.7000;1.1889;4.4018;0.2264;74.0820;5.1430;4.3515;76.4000;77.7000;34.5000;46.0000;1.7000;2.5000;9.8500;3.5161
1;Sudan;0.5075;65.0950;3.7200;3961.6157;41.8015;34.6000;6.1581;23.3713;1.4970;72.4540;6.4050;4.4345;41.1000;47.2000;43.1000;41.9000;12.9000;26.7000;;
1;Haiti;0.5027;63.6600;5.4417;1664.8929;11.1232;55.3000;1.2691;6.8751;0.5505;53.7830;8.0080;2.9600;58.7000;67.9000;49.8000;39.9000;13.5000;29.5000;;
1;Afghanistan;0.4960;64.4860;3.9300;1745.6657;37.1719;25.5000;5.6014;20.1936;0.9609;79.3190;4.7580;4.5552;64.9000;66.0000;38.6000;43.8000;1.5000;2.6000;42.0100;0.3878
1;Djibouti;0.4954;66.5820;4.0000;3600.7134;0.9589;77.8000;0.1014;0.6319;0.0434;44.8780;6.8710;2.7577;56.0000;63.0000;49.9000;42.0000;11.1000;21.3000;;
1;Malawi;0.4854;63.7980;4.6300;1159.1201;18.1432;16.9000;2.8352;9.6980;0.4800;82.1340;4.9490;4.2500;73.1000;77.3000;71.9000;19.8000;5.4000;7.2000;32.9000;0.1854
1;Ethiopia;0.4698;66.2400;2.7954;1781.7562;109.2244;20.8000;16.3391;60.8553;3.8241;73.1980;6.2840;4.3000;78.9000;80.3000;66.2000;21.8000;1.8000;2.8000;10.4800;0.1594
1;Gambia;0.4657;61.7350;3.6660;1489.5724;2.2801;61.3000;0.3929;1.2117;0.0591;83.3040;4.8740;5.2500;54.2000;59.5000;29.7000;54.4000;8.9000;12.3000;;0.5849
1;Guinea;0.4655;61.1850;2.7074;2211.0021;12.4143;36.1000;2.0198;6.6074;0.3632;82.3880;5.4980;4.7384;62.3000;64.6000;66.5000;26.6000;3.6000;4.4000;;
1;Liberia;0.4647;63.7300;4.6680;1040.0851;4.8190;51.2000;0.7206;2.6804;0.1568;73.9370;5.8490;4.3500;54.9000;56.1000;46.2000;42.6000;2.0000;2.9000;13.1500;0.7536
1;Yemen;0.4627;66.0960;3.2000;1433.2959;28.4987;36.6000;4.0838;16.3893;0.8197;68.8850;5.0010;3.8372;33.5000;38.5000;35.5000;53.9000;12.9000;23.7000;44.7700;1.5280
1;Guinea-Bissau;0.4614;58.0030;3.3035;1593.1840;1.8743;43.4000;0.2981;1.0278;0.0529;77.2090;5.1490;4.5100;70.0000;73.0000;68.0000;23.2000;4.1000;7.4000;;
1;Congo;0.4587;60.3680;6.7595;800.0214;84.0681;44.5000;15.1850;42.7205;2.5370;90.8480;5.9390;5.9635;61.0000;63.6000;68.7000;20.9000;4.2000;7.8000;;0.9020
1;Mozambique;0.4460;60.1630;3.5409;1153.6976;29.4960;36.0000;4.9438;15.4672;0.8527;85.1870;5.5130;4.8858;76.0000;78.5000;71.7000;20.4000;3.2000;6.8000;;0.8814
1;Sierra Leone;0.4385;54.3090;3.6000;1381.2991;7.6502;42.1000;1.1344;4.2821;0.2269;73.3550;5.3000;4.3190;55.6000;58.1000;58.9000;35.4000;4.3000;8.5000;10.0900;2.9286
1;Burkina Faso;0.4335;61.1740;1.5856;1705.4854;19.7515;29.4000;3.3446;10.3981;0.4754;85.3800;4.5720;5.2315;62.6000;66.6000;28.7000;38.3000;6.1000;8.0000;;
1;Eritrea;0.4336;65.9410;3.9000;1707.7110;3.4528;40.1000;0.4833;1.8528;0.1552;77.9830;8.3760;4.1000;75.3000;80.6000;62.7000;29.0000;6.5000;11.6000;;
1;Mali;0.4272;58.8930;2.3530;1965.3851;19.0777;42.4000;3.4602;9.5292;0.4783;95.1840;5.0200;5.9215;64.2000;71.0000;65.3000;28.2000;9.6000;24.8000;33.9800;2.0722
1;Burundi;0.4229;61.2470;3.1244;659.7323;11.1754;13.0000;1.9835;5.8393;0.2511;87.0820;4.3000;5.4500;77.8000;79.0000;92.0000;6.0000;1.5000;2.9000;6.1900;5.3125
1;South Sudan;0.4128;57.6040;4.8491;1455.2299;10.9759;19.6000;1.7025;6.0128;0.3730;76.3400;6.2040;4.7359;63.8000;73.0000;49.6000;35.0000;12.7000;19.6000;;
1;Chad;0.4012;53.9770;2.4095;1715.5682;15.4777;23.1000;2.8147;7.7997;0.3839;93.5170;4.9220;5.7973;69.7000;71.3000;81.6000;15.3000;2.2000;4.0000;;
1;Central African Republic;0.3807;52.8050;4.2820;776.6760;4.6664;41.4000;0.7274;2.4676;0.1319;83.7640;5.3440;4.7541;67.4000;72.1000;72.8000;18.0000;6.5000;11.5000;;
1;Niger;0.3766;62.0240;2.0290;912.0419;22.4428;16.4000;4.5034;10.6425;0.5824;105.4060;5.4720;6.9500;78.5000;78.7000;75.9000;16.0000;0.3000;0.4000;25.2000;