"dateid01","br","ffr","inf"
8/1/1954,1.49,1.22,0
9/1/1954,1.6,1.06,-0.298
10/1/1954,1.72,0.85,-0.8571
11/1/1954,1.75,0.83,-0.261
12/1/1954,1.81,1.28,-0.3729
1/1/1955,1.99,1.39,-0.633
2/1/1955,2.12,1.29,-0.6319
3/1/1955,2.26,1.35,-0.5212
4/1/1955,2.37,1.43,-0.261
5/1/1955,2.37,1.43,-0.5959
6/1/1955,2.39,1.64,-0.8574
7/1/1955,2.51,1.68,-0.373
8/1/1955,2.72,1.96,-0.4853
9/1/1955,2.69,2.18,0.1491
10/1/1955,2.62,2.24,0.3736
11/1/1955,2.73,2.35,0.3727
12/1/1955,2.88,2.48,0.3729
1/1/1956,2.78,2.45,0.2239
2/1/1956,2.67,2.5,0.149
3/1/1956,2.89,2.5,0.3726
4/1/1956,3.19,2.62,0.5212
5/1/1956,3.08,2.75,0.9666
6/1/1956,2.95,2.71,1.6339
7/1/1956,3.06,2.75,1.9612
8/1/1956,3.39,2.73,2.1841
9/1/1956,3.5,2.95,1.8451
10/1/1956,3.4,2.96,2.5402
11/1/1956,3.57,2.88,2.3167
12/1/1956,3.76,2.94,2.7892
1/1/1957,3.46,2.84,3.0828
2/1/1957,3.42,3,3.4398
3/1/1957,3.47,2.96,3.5437
4/1/1957,3.53,3,3.646
5/1/1957,3.61,3,3.5257
6/1/1957,3.8,3,3.4748
7/1/1957,3.96,2.99,3.2447
8/1/1957,4.02,3.24,3.4902
9/1/1957,4.06,3.47,3.4852
10/1/1957,4.09,3.5,2.9019
11/1/1957,3.7,3.28,3.2192
12/1/1957,3.11,2.98,2.9949
1/1/1958,2.78,2.72,3.4456
2/1/1958,2.58,1.67,3.1861
3/1/1958,2.4,1.2,3.5611
4/1/1958,2.15,1.26,3.5523
5/1/1958,2.07,0.63,3.302
6/1/1958,2.08,0.93,2.8062
7/1/1958,2.42,0.68,2.4528
8/1/1958,3.06,1.53,2.307
9/1/1958,3.52,1.76,2.0619
10/1/1958,3.67,1.8,2.0619
11/1/1958,3.6,2.27,1.8829
12/1/1958,3.72,2.42,1.741
1/1/1959,3.91,2.48,1.2836
2/1/1959,3.92,2.43,1.0399
3/1/1959,3.97,2.8,0.3458
4/1/1959,4.03,2.96,0.1381
5/1/1959,4.25,2.9,0.3449
6/1/1959,4.52,3.39,0.6894
7/1/1959,4.6,3.47,0.8959
8/1/1959,4.6,3.5,0.8259
9/1/1959,4.97,3.76,1.1692
10/1/1959,4.78,3.98,1.5105
11/1/1959,4.85,4,1.3722
12/1/1959,5.12,3.99,1.5074
1/1/1960,4.99,3.99,1.2333
2/1/1960,4.73,3.97,1.4039
3/1/1960,4.29,3.84,1.5074
4/1/1960,4.27,3.92,1.9139
5/1/1960,4.46,3.85,1.8086
6/1/1960,4.01,3.32,1.703
7/1/1960,3.63,3.23,1.3629
8/1/1960,3.41,2.98,1.4629
9/1/1960,3.43,2.6,1.2233
10/1/1960,3.53,2.47,1.3537
11/1/1960,3.6,2.44,1.4544
12/1/1960,3.42,1.98,1.3509
1/1/1961,3.39,1.45,1.5876
2/1/1961,3.46,2.54,1.4515
3/1/1961,3.35,2.02,1.4515
4/1/1961,3.33,1.49,0.9099
5/1/1961,3.23,1.98,0.9089
6/1/1961,3.63,1.73,0.7738
7/1/1961,3.59,1.17,1.2443
8/1/1961,3.76,2,1.1083
9/1/1961,3.73,1.88,1.2418
10/1/1961,3.62,2.26,0.7701
11/1/1961,3.61,2.61,0.6693
12/1/1961,3.72,2.33,0.6687
1/1/1962,3.76,2.15,0.668
2/1/1962,3.69,2.37,0.9008
3/1/1962,3.45,2.85,1.0998
4/1/1962,3.38,2.78,1.3329
5/1/1962,3.4,2.36,1.3316
6/1/1962,3.39,2.68,1.2323
7/1/1962,3.62,2.71,0.9977
8/1/1962,3.46,2.93,1.1292
9/1/1962,3.41,2.9,1.457
10/1/1962,3.33,2.9,1.3254
11/1/1962,3.4,2.94,1.3254
12/1/1962,3.37,2.93,1.2254
1/1/1963,3.4,2.92,1.3228
2/1/1963,3.39,3,1.2213
3/1/1963,3.41,2.98,1.1206
4/1/1963,3.5,2.9,0.8898
5/1/1963,3.54,3,0.8889
6/1/1963,3.61,2.99,1.3154
7/1/1963,3.76,3.02,1.5433
8/1/1963,3.77,3.49,1.5403
9/1/1963,3.82,3.48,0.9814
10/1/1963,3.87,3.5,1.2105
11/1/1963,3.95,3.48,1.3081
12/1/1963,4.01,3.38,1.6324
1/1/1964,4.04,3.48,1.6292
2/1/1964,4,3.48,1.4009
3/1/1964,4.12,3.43,1.3995
4/1/1964,4.15,3.47,1.5302
5/1/1964,4.04,3.5,1.5287
6/1/1964,4.01,3.5,1.2983
7/1/1964,3.93,3.42,1.0695
8/1/1964,3.93,3.5,0.9709
9/1/1964,4.01,3.45,1.1651
10/1/1964,4.02,3.36,1.1961
11/1/1964,4.04,3.52,1.3873
12/1/1964,4.08,3.85,1.1911
1/1/1965,4.03,3.9,1.0929
2/1/1965,4.08,3.98,1.1899
3/1/1965,4.13,4.04,1.1888
4/1/1965,4.12,4.09,1.3798
5/1/1965,4.11,4.1,1.6011
6/1/1965,4.08,4.04,1.9164
7/1/1965,4.09,4.09,1.7892
8/1/1965,4.16,4.12,1.5975
9/1/1965,4.24,4.01,1.7225
10/1/1965,4.33,4.08,1.6887
11/1/1965,4.45,4.1,1.7154
12/1/1965,4.79,4.32,1.9018
1/1/1966,4.9,4.42,1.9
2/1/1966,5.02,4.6,2.5254
3/1/1966,4.97,4.65,2.7408
4/1/1966,4.89,4.67,2.8277
5/1/1966,5,4.9,2.7262
6/1/1966,5.05,5.17,2.4067
7/1/1966,5.26,5.3,2.7176
8/1/1966,5.68,5.53,3.4271
9/1/1966,5.79,5.4,3.5113
10/1/1966,5.48,5.53,3.7214
11/1/1966,5.53,5.76,3.4972
12/1/1966,5.19,5.4,3.3043
1/1/1967,4.75,4.94,3.1494
2/1/1967,4.73,5,2.8275
3/1/1967,4.47,4.53,2.5162
4/1/1967,4.38,4.05,2.5085
5/1/1967,4.61,3.94,2.2919
6/1/1967,4.89,3.98,2.8016
7/1/1967,5.06,3.79,2.8855
8/1/1967,5.23,3.9,2.5701
9/1/1967,5.41,3.99,2.5623
10/1/1967,5.52,3.88,2.5546
11/1/1967,5.71,4.13,3.055
12/1/1967,5.71,4.51,3.228
1/1/1968,5.53,4.6,3.5825
2/1/1968,5.61,4.71,3.5718
3/1/1968,5.8,5.05,3.8638
4/1/1968,5.75,5.76,3.8523
5/1/1968,6.11,6.11,4.1426
6/1/1968,5.82,6.07,4.1182
7/1/1968,5.54,6.02,4.3931
8/1/1968,5.42,6.03,4.3803
9/1/1968,5.39,5.78,4.3675
10/1/1968,5.52,5.91,4.6385
11/1/1968,5.57,5.82,4.3297
12/1/1968,6.16,6.02,4.5985
1/1/1969,6.22,6.3,4.5853
2/1/1969,6.32,6.61,4.5722
3/1/1969,6.38,6.79,5.1148
4/1/1969,6.25,7.41,5.3761
5/1/1969,6.51,8.67,5.3609
6/1/1969,6.83,8.9,5.3309
7/1/1969,7.31,8.61,5.3011
8/1/1969,7.29,9.19,5.2863
9/1/1969,7.77,9.15,5.5416
10/1/1969,7.57,9,5.511
11/1/1969,7.65,8.85,5.7629
12/1/1969,8.1,8.97,5.7314
1/1/1970,8.24,8.98,5.98
2/1/1970,7.79,8.98,6.2266
3/1/1970,7.15,7.76,5.9157
4/1/1970,7.39,8.1,5.8841
5/1/1970,7.94,7.94,5.8684
6/1/1970,7.84,7.6,5.8372
7/1/1970,7.56,7.21,5.5496
8/1/1970,7.46,6.61,5.535
9/1/1970,7.11,6.29,5.506
10/1/1970,6.96,6.2,5.4772
11/1/1970,6.25,5.6,5.4488
12/1/1970,5.75,4.9,5.4207
1/1/1971,5.61,4.14,5.1425
2/1/1971,5.07,3.72,4.6162
3/1/1971,4.5,3.71,4.343
4/1/1971,5.22,4.15,4.0718
5/1/1971,5.97,4.63,4.3099
6/1/1971,6.32,4.91,4.2882
7/1/1971,6.74,5.31,4.2774
8/1/1971,6.35,5.56,4.2666
9/1/1971,5.89,5.55,4.0005
10/1/1971,5.56,5.2,3.7364
11/1/1971,5.35,4.91,3.4743
12/1/1971,5.27,4.14,3.2141
1/1/1972,5.14,3.5,3.2062
2/1/1972,5.25,3.29,3.6905
3/1/1972,5.56,3.83,3.4401
4/1/1972,5.88,4.17,3.4317
5/1/1972,5.55,4.27,3.1749
6/1/1972,5.64,4.46,2.9199
7/1/1972,5.78,4.55,2.9128
8/1/1972,5.79,4.8,2.9058
9/1/1972,6.06,4.87,3.1366
10/1/1972,6.05,5.04,3.129
11/1/1972,5.94,5.06,3.3576
12/1/1972,6.01,5.33,3.3496
1/1/1973,6.27,5.94,3.5761
2/1/1973,6.58,6.58,3.7919
3/1/1973,6.86,7.09,4.7179
4/1/1973,6.78,7.12,5.1655
5/1/1973,6.83,7.84,5.3814
6/1/1973,6.84,8.49,5.8224
7/1/1973,7.54,10.4,5.5828
8/1/1973,7.89,10.5,7.1377
9/1/1973,7.25,10.78,7.1049
10/1/1973,6.81,10.01,7.7487
11/1/1973,7,10.03,7.9317
12/1/1973,6.81,9.95,8.5638
1/1/1974,6.96,9.65,9.1684
2/1/1974,6.76,8.97,9.531
3/1/1974,7.35,9.35,9.6566
4/1/1974,8.05,10.51,9.5934
5/1/1974,8.27,11.31,10.1709
6/1/1974,8.15,11.93,10.3096
7/1/1974,8.41,12.92,10.9199
8/1/1974,8.66,12.01,10.3359
9/1/1974,8.41,11.34,11.2854
10/1/1974,8,10.06,11.1918
11/1/1974,7.61,9.45,11.5117
12/1/1974,7.24,8.53,11.4177
1/1/1975,7.23,7.13,11.1113
2/1/1975,6.65,6.24,10.6206
3/1/1975,6.81,5.54,9.9486
4/1/1975,7.76,5.49,9.701
5/1/1975,7.39,5.22,8.8553
6/1/1975,7.17,5.55,8.7861
7/1/1975,7.72,6.1,9.106
8/1/1975,8.16,6.14,8.266
9/1/1975,8.29,6.24,7.6082
10/1/1975,7.81,5.82,7.3688
11/1/1975,7.46,5.22,7.1191
12/1/1975,7.43,5.2,6.8864
1/1/1976,6.99,4.87,6.4777
2/1/1976,7.06,4.77,6.0848
3/1/1976,7.13,4.84,5.8841
4/1/1976,6.84,4.82,5.6844
5/1/1976,7.27,5.29,6.0292
6/1/1976,7.31,5.48,5.8093
7/1/1976,7.12,5.31,5.4067
8/1/1976,6.86,5.29,5.562
9/1/1976,6.66,5.25,5.3489
10/1/1976,6.24,5.02,5.3204
11/1/1976,6.09,4.95,4.9393
12/1/1976,5.68,4.65,4.9133
1/1/1977,6.22,4.61,5.0666
2/1/1977,6.44,4.68,5.9045
3/1/1977,6.47,4.69,6.2304
4/1/1977,6.31,4.73,6.7209
5/1/1977,6.55,5.35,6.5203
6/1/1977,6.39,5.39,6.4869
7/1/1977,6.51,5.42,6.4539
8/1/1977,6.79,5.9,6.4211
9/1/1977,6.84,6.14,6.2257
10/1/1977,7.19,6.47,6.1944
11/1/1977,7.22,6.51,6.4969
12/1/1977,7.3,6.56,6.4646
1/1/1978,7.61,6.7,6.5922
2/1/1978,7.67,6.78,6.0525
3/1/1978,7.7,6.79,6.1808
4/1/1978,7.85,6.89,6.2975
5/1/1978,8.07,7.36,6.8993
6/1/1978,8.3,7.6,7.1744
7/1/1978,8.54,7.81,7.446
8/1/1978,8.33,8.04,7.5627
9/1/1978,8.41,8.45,8.1422
10/1/1978,8.62,8.96,8.5522
11/1/1978,9.04,9.76,8.4993
12/1/1978,9.33,10.03,8.6075
1/1/1979,9.5,10.07,8.8472
2/1/1979,9.29,10.06,9.3866
3/1/1979,9.38,10.09,9.7602
4/1/1979,9.43,10.01,9.9711
5/1/1979,9.42,10.24,10.1633
6/1/1979,8.95,10.29,10.5053
7/1/1979,8.94,10.47,10.8409
8/1/1979,9.14,10.94,11.1864
9/1/1979,9.69,11.43,11.2254
10/1/1979,10.95,13.77,11.3967
11/1/1979,11.18,13.18,11.8606
12/1/1979,10.71,13.78,12.447
1/1/1980,10.88,13.82,12.9875
2/1/1980,12.84,14.13,13.2447
3/1/1980,14.05,17.19,13.621
4/1/1980,12.02,17.61,13.6184
5/1/1980,9.44,10.98,13.4756
6/1/1980,8.91,9.47,13.3358
7/1/1980,9.27,9.03,12.355
8/1/1980,10.63,9.61,12.1245
9/1/1980,11.57,10.87,12.017
10/1/1980,12.01,12.81,11.8964
11/1/1980,13.31,15.85,11.8952
12/1/1980,13.65,18.9,11.6482
1/1/1981,13.01,19.08,11.1496
2/1/1981,13.65,15.93,10.7889
3/1/1981,13.51,14.7,10.0856
4/1/1981,14.09,15.72,9.6546
5/1/1981,15.08,18.52,9.3417
6/1/1981,14.29,19.1,9.2552
7/1/1981,15.15,19.04,10.2329
8/1/1981,16,17.82,10.2713
9/1/1981,16.22,15.87,10.4049
10/1/1981,15.5,15.08,9.7776
11/1/1981,13.11,13.31,9.148
12/1/1981,13.66,12.37,8.537
1/1/1982,14.64,13.22,7.9337
2/1/1982,14.73,14.78,7.3377
3/1/1982,14.13,14.68,6.6582
4/1/1982,14.18,14.94,6.4118
5/1/1982,13.77,14.45,6.6835
6/1/1982,14.48,14.15,6.9361
7/1/1982,14,12.59,6.3513
8/1/1982,12.62,10.12,5.7941
9/1/1982,12.03,10.31,4.8227
10/1/1982,10.62,9.71,4.9096
11/1/1982,9.98,9.2,4.3803
12/1/1982,9.88,8.95,3.7544
1/1/1983,9.64,8.68,3.6405
2/1/1983,9.91,8.51,3.4253
3/1/1983,9.84,8.77,3.5273
4/1/1983,9.76,8.8,3.9221
5/1/1983,9.66,8.63,3.3832
6/1/1983,10.32,8.98,2.4441
7/1/1983,10.9,9.37,2.3316
8/1/1983,11.3,9.56,2.4268
9/1/1983,11.07,9.45,2.7261
10/1/1983,10.87,9.48,2.7151
11/1/1983,10.96,9.34,3.1143
12/1/1983,11.13,9.47,3.7172
1/1/1984,10.93,9.56,4.2006
2/1/1984,11.05,9.59,4.587
3/1/1984,11.59,9.91,4.777
4/1/1984,11.98,10.29,4.454
5/1/1984,12.75,10.32,4.2434
6/1/1984,13.18,11.06,4.235
7/1/1984,13.08,11.23,4.2184
8/1/1984,12.5,11.64,4.206
9/1/1984,12.34,11.3,4.1937
10/1/1984,11.85,9.99,4.1774
11/1/1984,10.9,9.43,4.0703
12/1/1984,10.56,8.38,3.9638
1/1/1985,10.43,8.35,3.4652
2/1/1985,10.55,8.5,3.5427
3/1/1985,11.05,8.58,3.72
4/1/1985,10.49,8.27,3.5191
5/1/1985,9.75,7.97,3.5125
6/1/1985,9.05,7.53,3.5989
7/1/1985,9.18,7.88,3.3998
8/1/1985,9.31,7.9,3.2975
9/1/1985,9.37,7.92,3.1958
10/1/1985,9.25,7.99,3.1838
11/1/1985,8.88,8.05,3.4534
12/1/1985,8.4,8.27,3.7214
1/1/1986,8.41,8.14,3.8966
2/1/1986,8.1,7.86,3.1484
3/1/1986,7.3,7.48,2.1307
4/1/1986,6.86,6.99,1.5763
5/1/1986,7.27,6.85,1.6652
6/1/1986,7.41,6.92,1.752
7/1/1986,6.86,6.56,1.6575
8/1/1986,6.49,6.17,1.5633
9/1/1986,6.62,5.89,1.7424
10/1/1986,6.56,5.85,1.5547
11/1/1986,6.46,6.04,1.2762
12/1/1986,6.43,6.91,1.1802
1/1/1987,6.41,6.43,1.3556
2/1/1987,6.56,6.1,1.8962
3/1/1987,6.58,6.13,2.8018
4/1/1987,7.32,6.37,3.6138
5/1/1987,8.02,6.85,3.604
6/1/1987,7.82,6.73,3.6792
7/1/1987,7.74,6.58,3.8518
8/1/1987,8.03,6.73,4.1989
9/1/1987,8.67,7.22,4.184
10/1/1987,8.75,7.29,4.2635
11/1/1987,7.99,6.69,4.4294
12/1/1987,8.13,6.77,4.2409
1/1/1988,7.87,6.83,4.0463
2/1/1988,7.38,6.58,3.8601
3/1/1988,7.5,6.58,3.7608
4/1/1988,7.83,6.87,3.9152
5/1/1988,8.24,7.09,3.9051
6/1/1988,8.22,7.51,3.8882
7/1/1988,8.44,7.75,4.047
8/1/1988,8.77,8.01,4.0297
9/1/1988,8.57,8.19,4.0996
10/1/1988,8.43,8.3,4.1726
11/1/1988,8.72,8.35,4.1584
12/1/1988,9.11,8.76,4.3172
1/1/1989,9.2,9.12,4.3852
2/1/1989,9.32,9.36,4.5424
3/1/1989,9.61,9.85,4.7768
4/1/1989,9.4,9.84,4.9115
5/1/1989,8.98,9.81,5.1421
6/1/1989,8.37,9.53,5.0403
7/1/1989,7.83,9.24,4.9393
8/1/1989,8.13,8.99,4.5182
9/1/1989,8.26,9.02,4.3396
10/1/1989,8.02,8.84,4.4851
11/1/1989,7.8,8.55,4.5499
12/1/1989,7.77,8.45,4.5352
1/1/1990,8.13,8.23,5.0674
2/1/1990,8.39,8.24,5.1293
3/1/1990,8.63,8.28,5.1048
4/1/1990,8.78,8.26,4.604
5/1/1990,8.69,8.18,4.2728
6/1/1990,8.4,8.29,4.5677
7/1/1990,8.26,8.15,4.7068
8/1/1990,8.22,8.13,5.5461
9/1/1990,8.27,8.2,5.987
10/1/1990,8.07,8.11,6.1844
11/1/1990,7.74,7.81,6.0111
12/1/1990,7.47,7.31,6.0671
1/1/1991,7.38,6.91,5.4934
2/1/1991,7.08,6.25,5.1762
3/1/1991,7.35,6.12,4.7085
4/1/1991,7.23,5.91,4.6978
5/1/1991,7.12,5.78,4.9122
6/1/1991,7.39,5.9,4.589
7/1/1991,7.38,5.82,4.2751
8/1/1991,6.8,5.66,3.729
9/1/1991,6.5,5.45,3.3398
10/1/1991,6.23,5.21,2.8088
11/1/1991,5.9,4.81,3.0205
12/1/1991,5.39,4.43,2.9371
1/1/1992,5.4,4.03,2.6375
2/1/1992,5.72,4.06,2.78
3/1/1992,6.18,3.98,3.1401
4/1/1992,5.93,3.73,3.1332
5/1/1992,5.81,3.82,2.9788
6/1/1992,5.6,3.76,2.9702
7/1/1992,4.91,3.25,3.1083
8/1/1992,4.72,3.3,3.0283
9/1/1992,4.42,3.22,2.9488
10/1/1992,4.64,3.1,3.2272
11/1/1992,5.14,3.09,3.0728
12/1/1992,5.21,2.92,2.9236
1/1/1993,4.93,3.02,3.202
2/1/1993,4.58,3.03,3.1952
3/1/1993,4.4,3.07,2.9747
4/1/1993,4.3,2.96,3.1076
5/1/1993,4.4,3,3.1704
6/1/1993,4.53,3.04,2.9538
7/1/1993,4.43,3.06,2.8072
8/1/1993,4.36,3.03,2.8013
9/1/1993,4.17,3.09,2.7265
10/1/1993,4.18,2.99,2.7151
11/1/1993,4.5,3.02,2.7076
12/1/1993,4.54,2.96,2.7722
1/1/1994,4.48,3.05,2.4214
2/1/1994,4.83,3.25,2.4846
3/1/1994,5.4,3.34,2.6172
4/1/1994,5.99,3.56,2.3369
5/1/1994,6.34,4.01,2.2627
6/1/1994,6.27,4.25,2.4642
7/1/1994,6.48,4.26,2.6632
8/1/1994,6.5,4.47,2.8593
9/1/1994,6.69,4.73,2.9224
10/1/1994,7.04,4.76,2.5764
11/1/1994,7.44,5.29,2.5694
12/1/1994,7.71,5.45,2.5642
1/1/1995,7.66,5.53,2.8304
2/1/1995,7.25,5.92,2.8228
3/1/1995,6.89,5.98,2.7491
4/1/1995,6.68,6.05,3.0772
5/1/1995,6.27,6.01,3.071
6/1/1995,5.8,6,2.9972
7/1/1995,5.89,5.85,2.7909
8/1/1995,6.1,5.74,2.5838
9/1/1995,5.89,5.8,2.5134
10/1/1995,5.77,5.76,2.7073
11/1/1995,5.57,5.8,2.5702
12/1/1995,5.39,5.6,2.5001
1/1/1996,5.2,5.56,2.7525
2/1/1996,5.14,5.22,2.6808
3/1/1996,5.79,5.31,2.8042
4/1/1996,6.11,5.22,2.7933
5/1/1996,6.27,5.24,2.7879
6/1/1996,6.49,5.27,2.7825
7/1/1996,6.45,5.4,2.8426
8/1/1996,6.21,5.22,2.7735
9/1/1996,6.41,5.3,2.9603
10/1/1996,6.08,5.24,3.0159
11/1/1996,5.82,5.31,3.2013
12/1/1996,5.91,5.29,3.323
1/1/1997,6.16,5.25,2.9929
2/1/1997,6.03,5.19,2.9872
3/1/1997,6.38,5.39,2.7277
4/1/1997,6.61,5.51,2.4052
5/1/1997,6.42,5.5,2.2132
6/1/1997,6.24,5.56,2.209
7/1/1997,6,5.52,2.1425
8/1/1997,6.06,5.54,2.2642
9/1/1997,5.98,5.54,2.1951
10/1/1997,5.84,5.5,2.0645
11/1/1997,5.76,5.52,1.8727
12/1/1997,5.74,5.5,1.6828
1/1/1998,5.38,5.56,1.618
2/1/1998,5.43,5.51,1.4299
3/1/1998,5.57,5.49,1.3673
4/1/1998,5.58,5.45,1.4282
5/1/1998,5.61,5.49,1.6745
6/1/1998,5.52,5.56,1.6099
7/1/1998,5.47,5.54,1.7306
8/1/1998,5.24,5.55,1.604
9/1/1998,4.62,5.51,1.4167
10/1/1998,4.18,5.07,1.4751
11/1/1998,4.57,4.83,1.4733
12/1/1998,4.48,4.68,1.5941
1/1/1999,4.61,4.63,1.6529
2/1/1999,4.9,4.76,1.6529
3/1/1999,5.11,4.81,1.7136
4/1/1999,5.03,4.74,2.2555
5/1/1999,5.33,4.74,2.0695
6/1/1999,5.7,4.76,1.9465
7/1/1999,5.62,4.99,2.1219
8/1/1999,5.77,5.07,2.2391
9/1/1999,5.75,5.22,2.596
10/1/1999,5.94,5.2,2.5303
11/1/1999,5.92,5.42,2.5866
12/1/1999,6.14,5.3,2.6412
1/1/2000,6.49,5.45,2.7547
2/1/2000,6.65,5.73,3.1673
3/1/2000,6.53,5.85,3.6931
4/1/2000,6.36,6.02,2.9693
5/1/2000,6.77,6.27,3.0845
6/1/2000,6.43,6.53,3.6669
7/1/2000,6.28,6.54,3.536
8/1/2000,6.17,6.5,3.2964
9/1/2000,6.02,6.52,3.3981
10/1/2000,5.85,6.51,3.3921
11/1/2000,5.79,6.51,3.3862
12/1/2000,5.26,6.4,3.3783
1/1/2001,4.77,5.98,3.6536
2/1/2001,4.71,5.49,3.4686
3/1/2001,4.43,5.31,2.9388
4/1/2001,4.42,4.8,3.1676
5/1/2001,4.51,4.21,3.5011
6/1/2001,4.35,3.97,3.144
7/1/2001,4.31,3.77,2.6851
8/1/2001,4.04,3.65,2.6851
9/1/2001,3.45,3.07,2.5591
10/1/2001,3.14,2.49,2.1053
11/1/2001,3.22,2.09,1.8767
12/1/2001,3.62,1.82,1.5909
1/1/2002,3.56,1.73,1.1888
2/1/2002,3.55,1.74,1.13
3/1/2002,4.14,1.73,1.3537
4/1/2002,4.01,1.75,1.6306
5/1/2002,3.8,1.75,1.2332
6/1/2002,3.49,1.75,1.0635
7/1/2002,3.01,1.73,1.455
8/1/2002,2.52,1.74,1.7324
9/1/2002,2.32,1.75,1.5046
10/1/2002,2.25,1.75,2.0068
11/1/2002,2.32,1.34,2.2285
12/1/2002,2.23,1.24,2.45
1/1/2003,2.18,1.24,2.7201
2/1/2003,2.05,1.26,3.0976
3/1/2003,1.98,1.25,2.9804
4/1/2003,2.06,1.26,2.1518
5/1/2003,1.75,1.26,1.8764
6/1/2003,1.51,1.22,1.93
7/1/2003,1.93,1.01,2.0347
8/1/2003,2.44,1.03,2.1919
9/1/2003,2.23,1.01,2.3505
10/1/2003,2.26,1.01,2.0214
11/1/2003,2.45,1,1.91
12/1/2003,2.44,0.98,2.0148
1/1/2004,2.27,1,2.006
2/1/2004,2.25,1.01,1.6744
3/1/2004,2,1,1.7251
4/1/2004,2.57,1,2.2667
5/1/2004,3.1,1,2.8566
6/1/2004,3.26,1.03,3.1185
7/1/2004,3.05,1.26,2.8972
8/1/2004,2.88,1.43,2.5155
9/1/2004,2.83,1.61,2.5075
10/1/2004,2.85,1.76,3.1411
11/1/2004,3.09,1.93,3.5576
12/1/2004,3.21,2.16,3.2877
1/1/2005,3.39,2.28,2.8052
2/1/2005,3.54,2.5,3.0073
3/1/2005,3.91,2.63,3.1565
4/1/2005,3.79,2.79,3.3065
5/1/2005,3.72,3,2.8289
6/1/2005,3.69,3.04,2.5093
7/1/2005,3.91,3.26,3.0211
8/1/2005,4.08,3.5,3.582
9/1/2005,3.96,3.62,4.6328
10/1/2005,4.29,3.78,4.2581
11/1/2005,4.43,4,3.284
12/1/2005,4.39,4.16,3.284
1/1/2006,4.35,4.29,3.9401
2/1/2006,4.64,4.49,3.5736
3/1/2006,4.74,4.59,3.3608
4/1/2006,4.89,4.79,3.5501
5/1/2006,4.97,4.94,3.9002
6/1/2006,5.09,4.99,4.0967
7/1/2006,5.07,5.24,4.0227
8/1/2006,4.85,5.25,3.8514
9/1/2006,4.69,5.25,1.9921
10/1/2006,4.72,5.25,1.3965
11/1/2006,4.64,5.25,1.9496
12/1/2006,4.58,5.24,2.4927
1/1/2007,4.79,5.25,2.0545
2/1/2007,4.75,5.26,2.3914
3/1/2007,4.51,5.26,2.7598
4/1/2007,4.6,5.25,2.5599
5/1/2007,4.69,5.25,2.6738
6/1/2007,5,5.25,2.6571
7/1/2007,4.82,5.26,2.2914
8/1/2007,4.34,5.02,1.8797
9/1/2007,4.06,4.94,2.7944
10/1/2007,4.01,4.76,3.547
11/1/2007,3.35,4.49,4.2803
12/1/2007,3.13,4.24,4.0266
1/1/2008,2.51,3.94,4.205
2/1/2008,2.19,2.98,4.0594
3/1/2008,1.8,2.61,3.8979
4/1/2008,2.23,2.28,3.8295
5/1/2008,2.69,1.98,4.007
6/1/2008,3.08,2,4.818
7/1/2008,2.87,2.01,5.3517
8/1/2008,2.7,2,5.1719
9/1/2008,2.32,1.81,4.8345
10/1/2008,1.86,0.97,3.6631
11/1/2008,1.51,0.39,1.0939
12/1/2008,1.07,0.16,-0.0222
1/1/2009,1.13,0.15,-0.1137
2/1/2009,1.37,0.22,0.0085
3/1/2009,1.31,0.18,-0.4475
4/1/2009,1.32,0.15,-0.578
5/1/2009,1.39,0.18,-1.021
6/1/2009,1.76,0.21,-1.2368
7/1/2009,1.55,0.16,-1.9782
8/1/2009,1.65,0.16,-1.495
9/1/2009,1.48,0.15,-1.3875
10/1/2009,1.46,0.12,-0.2242
11/1/2009,1.32,0.12,1.8965
12/1/2009,1.38,0.12,2.7753
1/1/2010,1.49,0.11,2.5873
2/1/2010,1.4,0.13,2.1285
3/1/2010,1.51,0.16,2.2604
4/1/2010,1.64,0.2,2.1828
5/1/2010,1.32,0.2,1.9837
6/1/2010,1.17,0.18,1.1153
7/1/2010,0.98,0.18,1.3319
8/1/2010,0.78,0.19,1.1436
9/1/2010,0.74,0.19,1.1121
10/1/2010,0.57,0.19,1.1599
11/1/2010,0.67,0.19,1.0787
12/1/2010,0.99,0.18,1.4276
1/1/2011,1.03,0.17,1.6865
2/1/2011,1.28,0.16,2.1026
3/1/2011,1.17,0.14,2.5855
4/1/2011,1.21,0.1,3.0308
5/1/2011,0.94,0.09,3.4005
6/1/2011,0.71,0.09,3.4424
7/1/2011,0.68,0.07,3.5173
8/1/2011,0.38,0.1,3.6862
9/1/2011,0.35,0.08,3.7417
10/1/2011,0.47,0.07,3.4617
11/1/2011,0.39,0.08,3.3932
12/1/2011,0.39,0.07,3.0161
1/1/2012,0.36,0.08,2.9644
2/1/2012,0.38,0.1,2.857
3/1/2012,0.51,0.13,2.5501
4/1/2012,0.43,0.14,2.2477
5/1/2012,0.39,0.16,1.723
6/1/2012,0.39,0.16,1.6403
7/1/2012,0.33,0.16,1.4076
8/1/2012,0.37,0.13,1.6719
9/1/2012,0.34,0.14,1.931
10/1/2012,0.37,0.16,2.1328
11/1/2012,0.36,0.16,1.7801
12/1/2012,0.35,0.16,1.7442
1/1/2013,0.39,0.14,1.6411
2/1/2013,0.4,0.15,2.0187
3/1/2013,0.39,0.14,1.5146
4/1/2013,0.34,0.15,1.1315
5/1/2013,0.4,0.11,1.3907
6/1/2013,0.58,0.09,1.6707
7/1/2013,0.64,0.09,1.8632
8/1/2013,0.7,0.08,1.4701
9/1/2013,0.78,0.08,1.1265
10/1/2013,0.63,0.09,0.8939
11/1/2013,0.58,0.08,1.2343
12/1/2013,0.69,0.09,1.5032
1/1/2014,0.78,0.07,1.6159
2/1/2014,0.69,0.07,1.1467
3/1/2014,0.82,0.08,1.5713
4/1/2014,0.88,0.09,1.9972
5/1/2014,0.83,0.09,2.0976
6/1/2014,0.9,0.1,1.9834
7/1/2014,0.97,0.09,1.9286
8/1/2014,0.93,0.09,1.6716
9/1/2014,1.05,0.09,1.6361
10/1/2014,0.88,0.09,1.6078
11/1/2014,0.96,0.09,1.272
12/1/2014,1.06,0.12,0.6654
1/1/2015,0.9,0.11,-0.2007
2/1/2015,0.99,0.11,-0.0777
3/1/2015,1.02,0.11,0.0047
4/1/2015,0.87,0.12,-0.1142
5/1/2015,0.98,0.12,0.0249
6/1/2015,1.07,0.13,0.1644
7/1/2015,1.03,0.13,0.1902
8/1/2015,1.03,0.14,0.2337
9/1/2015,1.01,0.14,-0.008
10/1/2015,0.93,0.12,0.1203
11/1/2015,1.2,0.12,0.4355
12/1/2015,1.28,0.24,0.6564
1/1/2016,1.14,0.34,1.3501
2/1/2016,0.9,0.38,0.9799
3/1/2016,1.04,0.36,0.8813
4/1/2016,0.92,0.37,1.1395
5/1/2016,0.97,0.37,1.0377
6/1/2016,0.86,0.38,1.0154
7/1/2016,0.79,0.39,0.8464
8/1/2016,0.85,0.4,1.0782
9/1/2016,0.9,0.4,1.4793
10/1/2016,0.99,0.4,1.6276
11/1/2016,1.22,0.41,1.6846
12/1/2016,1.49,0.54,2.0701
