EDAD,EDADMARIDO,EDUC,EDUCMADRE,EDUCMADREMARIDO,EDUCMARIDO,EDUCPADRE,EDUCPADREMARIDO,EXPER,HIJOS618,HIJOSM18,HIJOSM6,HIJOSMEN,HORASTRAB,HORASTRABMARIDO,IMPFED,PMT,SALARIO,SALARIOMARIDO,TMIMP,YFAM
32,34,12,12,16,12,7,14,14,0,1,1,1,1610,2708,1494,1,3.354,4.0288,0.7215,16310
30,30,12,7,3,9,7,7,5,2,2,0,1,1656,2310,2615,1,1.3889,8.4416,0.6615,21800
35,40,12,12,10,12,7,7,15,3,4,1,1,1980,3072,3957,1,4.5455,3.5807,0.6915,21040
34,53,12,7,12,10,7,7,6,3,3,0,1,456,1920,2279,1,1.0965,3.5417,0.7815,7300
31,32,14,12,7,12,14,7,7,2,3,1,1,1568,2000,1063,1,4.5918,10,0.6215,27300
54,57,12,14,7,11,7,7,33,0,0,0,0,2032,1040,370,1,4.7421,6.7106,0.6915,19495
37,37,16,14,10,12,7,7,11,2,2,0,1,1440,2670,877,1,8.3333,3.4277,0.6915,21152
54,53,12,3,7,8,3,7,35,0,0,0,0,1020,4120,2804,1,7.8431,2.5485,0.6915,18900
48,52,12,7,7,4,7,7,24,2,2,0,1,1458,1995,0,1,2.1262,4.2206,0.7515,20405
39,43,12,7,7,12,7,7,21,2,2,0,1,1600,2100,3246,1,4.6875,5.7143,0.6915,20425
33,34,12,12,7,12,3,7,15,1,1,0,1,1969,2450,5517,1,4.063,9.7959,0.5815,32300
42,47,11,14,9,14,7,7,14,1,1,0,1,1960,2375,3463,1,4.5918,8,0.6215,28700
30,33,12,16,9,16,16,12,0,2,3,1,1,240,2830,3486,1,2.0833,5.3004,0.7215,15500
43,46,12,10,10,12,10,7,14,2,2,0,1,997,3317,907,1,2.2668,4.3413,0.7215,16860
43,45,10,7,16,17,7,12,6,1,1,0,1,1848,2024,1568,1,3.6797,10.87,0.5815,31431
35,38,11,16,7,12,10,7,9,3,3,0,1,1224,1694,3952,1,1.3472,9.1499,0.7215,19180
43,45,12,10,7,12,7,3,20,2,2,0,1,1400,2156,306,1,3.2143,6.1224,0.6915,18600
39,40,12,12,10,12,12,7,6,5,5,0,1,640,2250,1272,1,5.175,6.1498,0.7215,19151
45,51,12,7,12,11,7,7,23,0,0,0,0,2000,2024,4262,1,2,6.917,0.6915,18100
35,40,12,12,12,10,7,12,9,4,4,0,1,1324,2123,14812,1,7.5529,4.7103,0.6915,20300
42,48,16,10,9,16,16,7,5,2,2,0,1,2215,4160,1049,1,3.5052,3.131,0.6215,30419
30,35,12,12,3,12,10,3,11,0,0,0,0,1680,2000,850,1,3.5714,4,0.7215,14090
48,52,13,7,16,17,3,3,18,0,0,0,0,1600,2420,2930,1,3.25,7.2227,0.6615,22679
45,53,12,7,7,17,7,7,15,0,0,0,0,800,1150,3014,1,3.25,7.9652,0.7215,12160
31,31,12,12,12,12,7,7,4,1,2,1,1,1955,2024,2636,1,2.1545,4.0884,0.7515,12487
43,43,17,16,7,17,14,3,21,2,2,0,1,660,1904,26,1,3.7879,14.181,0.5815,29850
59,53,12,3,7,16,7,7,31,0,0,0,0,525,2448,2636,1,4,6.5359,0.6915,18100
32,33,12,3,10,13,7,10,9,3,3,0,1,1904,2000,2011,1,4.7269,8.5,0.6615,26000
31,30,17,12,7,17,12,7,7,0,1,1,1,1516,2390,2196,1,7.2559,6.2762,0.6215,26100
42,47,12,12,7,10,12,7,7,0,0,0,0,346,1920,679,1,5.8671,5.2083,0.7215,17730
50,53,11,7,7,10,7,7,32,0,0,0,0,1040,1840,2104,1,1.5385,2.7821,0.7515,6719
59,57,16,3,10,17,3,7,11,0,0,0,0,732,3360,3154,1,2.459,4.9107,0.6915,18550
36,35,13,12,9,13,10,7,16,2,2,0,1,1880,2284,1291,1,5.8511,5.8669,0.6615,24600
51,50,12,7,14,8,14,12,14,1,1,0,1,1680,1875,16984,1,3.5714,7.52,0.6915,23100
45,47,16,12,7,17,12,7,27,3,3,0,1,2081,2140,1457,1,3.8068,7.5449,0.6615,24656
42,44,11,10,10,8,3,7,0,1,1,0,1,690,1896,330,1,2.4638,5.538,0.7515,15897
46,49,12,3,12,16,3,7,17,0,0,0,0,4210,1040,1605,1,2.3753,6.9231,0.6915,20320
46,52,10,10,7,12,3,12,28,1,1,0,1,2205,2200,1375,1,4.5351,5,0.6615,21384
51,58,14,7,7,12,7,3,24,0,0,0,0,1952,1952,3223,1,5.6183,7.3064,0.6215,25561
30,30,17,14,3,17,17,9,11,0,0,0,0,1302,1560,2048,1,14.631,11.218,0.58,36550
30,33,12,12,10,16,12,7,1,2,3,1,1,112,4030,698,1,2.6786,3.8462,0.7215,15810
57,58,12,9,9,12,9,7,14,0,0,0,0,893,2570,3035,1,3.9194,5.8366,0.6215,25500
31,34,16,14,7,16,16,10,6,2,3,1,1,583,1530,1266,1,2.5729,13.725,0.6615,24000
48,48,12,3,7,8,3,7,10,2,2,0,1,480,3149,3957,1,4.5375,6.3493,0.6615,22172
30,32,12,12,7,12,7,7,6,3,3,0,1,1900,2690,2867,1,2,5.2528,0.7215,17930
34,33,12,12,7,12,7,3,4,2,2,0,1,576,3096,1253,1,3.4722,1.3075,0.7815,7000
48,53,16,14,14,16,16,7,10,2,2,0,1,2056,2552,2300,1,2.0161,2.7998,0.7215,25300
45,47,12,10,7,11,10,7,22,0,0,0,0,1984,2040,1196,1,4.5716,2.6961,0.7215,16212
51,50,12,7,7,13,7,7,16,0,0,0,0,2640,2180,2510,1,2.2727,7.5688,0.6615,22650
30,37,12,12,3,12,7,3,6,2,2,0,1,240,1864,973,1,2.6375,3.4077,0.7815,6985
46,46,12,7,9,12,7,3,12,1,1,0,1,1173,2068,1919,1,2.2899,6.5401,0.6915,30000
58,58,12,7,12,12,3,7,32,0,0,0,0,3640,2010,4192,1,1.0989,7.2139,0.6915,18500
37,40,12,12,3,10,7,7,15,8,8,0,1,340,2152,1642,1,1.1765,6.2732,0.7515,16658
52,54,8,7,7,11,7,7,17,0,0,0,0,500,1496,3077,1,1.6,5.8824,0.7515,10300
52,47,10,7,7,4,3,7,34,0,0,0,0,1599,2100,2804,1,1.8762,3.8095,0.7515,11000
31,35,16,12,14,14,12,12,9,0,0,0,0,1830,1960,8660,1,4.0437,6.3776,0.6915,19900
55,55,14,7,10,15,7,3,37,0,0,0,0,1920,1985,1063,1,9.6354,6.0453,0.64,32500
34,33,17,17,7,17,17,3,10,0,0,0,0,2052,2020,1642,1,8.0409,8.8119,0.58,37300
55,56,14,17,7,16,7,3,35,0,0,0,0,2312,2178,7019,1,4.599,8.8765,0.5815,30018
39,39,12,12,3,12,7,3,6,2,2,0,1,196,3684,6112,1,2.1429,3.342,0.7515,12807
40,42,14,14,9,13,3,7,19,3,3,0,1,2500,5010,2384,1,4.4,3.1836,0.5515,39500
43,47,12,12,12,12,12,12,10,4,4,0,1,1980,1880,2104,1,3.5354,6.9149,0.6915,22050
48,56,8,7,14,8,7,14,11,0,0,0,0,1840,1904,2818,1,2.7174,5.5147,0.7215,15500
47,47,12,7,12,12,7,12,15,0,0,0,0,320,2083,5517,1,6.25,5.2808,0.7215,13810
41,44,12,7,7,12,7,7,12,4,4,0,1,419,2125,4979,1,11.933,3.2,0.7515,11950
36,37,8,12,9,12,12,7,12,0,0,0,0,1880,1985,679,1,3.5931,5.8791,0.6915,19175
46,48,17,12,12,17,16,12,14,2,2,0,1,72,2640,5141,1,6.9444,6.25,0.6915,17900
34,51,12,12,12,8,7,7,11,0,0,0,0,120,2070,2011,1,2.9167,7.4879,0.7215,15850
41,48,12,7,12,8,7,16,9,3,3,0,1,1885,2107,1642,1,3.0769,6.9767,0.6915,27017
51,54,12,12,3,10,7,7,24,1,1,0,1,240,2250,793,1,3.75,8,0.6915,18900
33,34,12,12,7,16,12,7,12,0,0,0,0,1729,2880,174,1,5.7259,4.1319,0.6915,21800
52,53,12,10,3,12,10,7,13,0,0,0,0,1850,1848,2617,1,3.6757,14.476,0.5515,33552
58,53,9,7,7,7,9,7,29,0,0,0,0,2033,1927,2447,1,5.1648,5.7343,0.6615,22650
34,38,10,0,3,9,0,3,11,4,6,2,1,608,1304,1158,1,8.2237,3.3742,0.7915,15200
31,35,12,7,7,12,10,7,13,1,1,0,1,1153,3000,2196,1,4.3365,1.8333,0.7215,13120
48,52,12,12,3,12,14,7,19,1,1,0,1,2208,1892,2048,1,4.9819,5.6025,0.6615,21660
32,32,12,7,12,12,7,14,2,2,2,0,1,252,3644,622,1,0.3571,4.2975,0.7215,18190
49,47,17,3,9,17,3,3,24,0,0,0,0,337,1430,250,1,2.9674,3.9161,0.7515,9600
32,31,15,10,10,14,12,7,9,2,4,2,1,90,2350,1353,1,1,4.8787,0.7515,13755
58,59,12,7,12,16,12,14,6,0,0,0,0,1174,1948,2783,1,2.5554,9.2402,0.6615,35350
50,42,6,12,12,12,7,7,22,0,0,0,0,372,1804,15190,1,0.8602,6.6519,0.7215,12405
60,51,14,12,3,12,17,7,30,0,0,0,0,30,2326,5840,1,1,4.6217,0.7515,12180
50,55,12,7,7,11,3,7,10,1,1,0,1,1800,1739,850,1,2.9261,9.9741,0.6615,22962
56,57,14,7,10,17,7,10,6,0,0,0,0,282,1176,1631,1,3.5461,20.918,0.6215,25700
51,55,9,7,12,8,7,7,29,0,0,0,0,720,1100,3533,1,1.6264,1.94,0.7915,3305
54,58,17,7,7,17,12,0,29,1,1,0,1,1440,1528,2783,1,8.3333,8.8351,0.5815,32950
59,52,13,7,3,15,7,7,36,0,0,0,0,2100,2250,2279,1,3.0952,4.6667,0.6915,17000
46,47,9,7,7,10,7,10,19,2,2,0,1,1000,1927,3557,1,2.7,5.1894,0.7515,13250
46,47,15,7,3,16,12,7,8,1,1,0,1,952,2414,1796,1,5.2521,18.724,0.4415,50750
39,49,12,10,7,8,10,7,13,3,4,1,1,1413,768,2720,1,1.4154,10.417,0.7715,15632
44,43,12,7,12,14,0,7,16,2,2,0,1,2100,1984,2067,1,4.7986,8.8458,0.6215,28316
33,36,12,12,10,12,12,7,11,0,2,2,1,120,2246,3980,1,1.6667,7.569,0.7215,17290
33,30,12,10,12,17,10,7,15,2,3,1,1,3000,3024,14602,1,1.1217,4.4507,0.6215,33600
48,52,12,12,12,12,7,12,6,2,2,0,1,1000,2921,3246,1,0.5,9.3204,0.6215,29200
31,37,12,7,7,17,7,7,13,4,4,0,1,336,2045,32,1,0.7143,9.1687,0.6915,19870
45,44,12,7,7,12,7,3,22,1,1,0,1,1216,1928,948,1,2.7961,6.4834,0.7215,16225
45,44,12,7,7,10,3,3,24,1,1,0,1,988,1920,509,1,4.8583,7.8125,0.6915,28600
32,37,13,14,12,17,12,12,2,2,2,0,1,2581,2280,3952,1,1.7435,11.404,0.5815,30800
47,47,12,7,7,17,7,7,6,0,0,0,0,2030,2300,3246,1,2.4631,5.087,0.6915,25700
34,35,13,12,7,13,12,7,2,2,2,0,1,413,2480,1640,1,2.4213,6.9758,0.6215,27000
37,34,12,12,14,10,7,7,2,1,1,0,1,782,1135,2713,1,1.5345,5.2863,0.7715,12077
36,39,12,7,16,12,7,12,14,1,1,0,1,1388,1384,17515,1,2.8818,11.562,0.6615,29612
47,50,12,7,7,14,10,7,9,2,3,1,1,1450,1848,1742,1,2.4069,8.6061,0.6915,24479
48,46,16,14,12,17,14,7,11,1,1,0,1,1720,2499,5381,1,5.2326,12.805,0.4415,79750
42,43,12,12,9,12,7,7,9,2,2,0,1,800,2390,3246,1,3.75,6.6946,0.6915,20050
33,44,13,10,12,14,12,9,6,3,3,0,1,360,2400,3007,1,1.3889,8.3333,0.6915,21500
46,53,11,7,12,8,7,7,19,0,0,0,0,2000,1920,1631,1,4,4.1667,0.6915,16120
47,48,12,7,12,13,7,12,26,3,3,0,1,1176,2301,1816,1,3.2313,5.4759,0.7215,24686
44,43,12,7,7,10,10,7,19,1,1,0,1,2058,1944,1317,1,3.4014,5.144,0.6915,24669
36,37,12,7,12,17,7,7,3,4,4,0,1,900,2100,571,1,1.3333,11.667,0.6615,26400
31,32,17,12,12,16,12,12,7,0,2,2,1,215,1920,5812,1,9.3023,7.2917,0.7215,16245
55,55,14,7,12,14,7,10,28,0,0,0,0,2000,2880,1465,1,4.5,4.8611,0.6615,23300
45,48,16,12,7,16,7,10,13,1,1,0,1,757,1932,4764,1,4.6235,12.164,0.6215,27200
47,48,17,10,7,17,17,7,9,0,0,0,0,1264,3234,3028,1,3.9557,10.823,0.4615,51000
46,47,12,10,7,12,7,7,15,3,3,0,1,2064,2805,4680,1,5.814,12.478,0.4615,55000
49,52,11,7,7,9,7,7,20,0,0,0,0,1280,2272,2860,1,0.5,6.162,0.7215,15389
49,52,12,7,7,14,7,10,29,0,0,0,0,1715,2227,2038,1,4.0816,7.1846,0.6615,23150
45,49,12,7,10,6,10,10,9,2,2,0,1,2000,1720,5113,1,6,7.093,0.6215,29774
38,38,17,12,7,13,10,7,1,3,4,1,1,12,2300,0,1,3.6667,17.826,0.4415,91044
47,50,10,7,7,12,12,7,8,0,0,0,0,1528,3410,810,1,3.8613,6.393,0.5815,28200
54,57,13,7,9,16,7,7,19,3,3,0,1,561,2304,2188,1,2.7629,11.719,0.5515,36150
41,42,11,12,9,12,12,7,23,0,0,0,0,2058,1984,2833,1,2.931,4.7883,0.7215,15652
43,33,12,14,12,14,7,7,3,2,2,0,1,1823,1890,2093,1,4.3884,4.2328,0.7515,18900
31,32,16,12,7,12,10,7,13,1,2,1,1,1680,1970,1927,1,5.4167,7.1066,0.6615,23600
47,46,17,7,7,12,7,7,8,0,0,0,0,1440,2400,3028,1,9.8611,8.3333,0.61,36200
35,37,12,10,12,12,10,16,17,2,2,0,1,4950,2504,2818,1,0.1616,6.9888,0.6915,18700
45,48,16,7,12,17,7,12,4,3,3,0,1,1176,2398,2093,1,0.3826,9.5913,0.6615,24125
33,39,12,7,16,12,7,10,15,0,1,1,1,1100,1960,4682,1,3.6364,6.0204,0.7215,15800
54,55,16,12,16,12,7,12,11,1,1,0,1,1516,2550,3481,1,2.3747,2.9686,0.7215,19742
35,41,8,10,7,12,7,3,7,4,4,0,1,900,2500,1081,1,4.6667,7,0.6915,22600
31,37,12,7,7,10,7,7,0,2,3,1,1,1080,2164,1250,1,1.8519,7.1627,0.7215,17500
55,60,12,7,12,12,7,7,0,0,0,0,0,480,2640,1112,1,5.2,4.7364,0.6915,19820
34,36,12,12,7,12,16,7,10,2,2,0,1,288,1936,5355,1,3.2986,8.781,0.6915,20155
38,41,13,10,12,12,12,14,8,1,1,0,1,1875,2136,3028,1,8.5333,9.8315,0.58,37300
45,51,11,7,7,10,7,7,2,1,1,0,1,630,1955,91,1,2.0635,6.6496,0.7215,24860
47,48,12,12,9,10,3,7,4,1,1,0,1,234,1980,4440,1,2.5641,9.8485,0.6615,21450
39,42,12,7,7,11,7,7,6,2,2,0,1,1600,2550,509,1,2.1875,9.8039,0.6215,29650
36,37,14,7,9,13,7,7,18,0,1,1,1,960,2058,621,1,6.25,8.2604,0.6615,23000
33,32,12,7,10,14,7,7,3,2,3,1,1,120,2263,2327,1,3.3333,9.0676,0.6915,21120
50,54,12,7,7,13,12,7,22,0,0,0,0,2025,1763,3970,1,4.4444,8.5082,0.6215,26000
58,59,12,3,3,14,7,7,33,0,0,0,0,1809,2096,3028,1,6.6335,7.1565,0.6215,28000
49,47,17,12,9,13,12,12,28,0,0,0,0,3087,2059,870,1,8.4224,7.0423,0.52,45500
41,40,14,16,12,17,12,7,23,2,2,0,1,910,1820,2001,1,4.3956,6.5934,0.7215,16000
51,53,12,7,16,8,14,16,27,1,1,0,1,1840,2832,2020,1,2.4457,4.3457,0.6915,18232
53,60,9,3,7,10,7,7,11,0,0,0,0,784,1990,1521,1,1.2245,7.2362,0.7215,28160
36,40,12,12,12,7,7,7,6,2,3,1,1,400,2000,2001,1,1.625,1.74,0.8015,5965
46,46,12,7,12,12,7,9,11,2,2,0,1,1000,1885,1261,1,3,6.8966,0.7215,19000
36,37,12,12,12,12,12,7,14,2,2,0,1,1904,2860,4440,1,4.7269,5.0455,0.5515,36872
53,48,14,12,7,16,12,7,17,1,1,0,1,1771,1913,908,1,1.1293,17.25,0.4915,42000
40,54,16,16,12,16,14,16,17,3,3,0,1,1486,1800,3218,1,7.4024,8.3333,0.6215,26900
42,45,17,12,16,16,10,17,14,2,2,0,1,740,2880,39,1,4.4595,9.375,0.5815,30800
33,32,15,12,12,16,12,7,11,1,2,1,1,1820,1993,364,1,2.4725,8.279,0.6915,21520
43,47,12,7,12,14,7,7,7,3,3,0,1,1275,2250,1834,1,1.8824,4.5,0.6915,24795
31,30,16,14,7,16,16,7,8,0,1,1,1,450,2286,7257,1,4,4.1995,0.7215,12900
47,47,17,7,7,16,7,7,6,0,0,0,0,1221,1880,0,1,8.19,16.064,0.4915,42700
54,58,17,10,12,17,17,17,8,0,0,0,0,1550,2350,1788,1,7.0968,11.277,0.5215,38800
33,33,12,7,10,11,3,7,4,3,4,1,1,180,3640,1189,1,1.6667,0.5494,0.9415,2500
43,47,16,14,16,14,10,16,25,0,0,0,0,2090,1770,4977,1,3.445,9.548,0.6215,26921
46,49,13,7,7,13,9,7,24,1,1,0,1,1960,1875,1418,1,4.2347,5.3333,0.6915,18300
35,38,12,7,12,9,7,12,11,3,3,0,1,1440,2200,7028,1,2.7778,5.4545,0.7215,17200
37,39,11,12,10,12,3,7,19,3,3,0,1,794,2033,2726,1,1.8892,5.9026,0.7515,14209
37,39,16,12,10,17,16,10,9,2,2,0,1,993,2739,4494,1,5.0352,9.8576,0.5815,32300
34,38,14,17,7,14,12,7,19,3,3,0,1,160,1626,385,1,1.25,11.685,0.7215,21400
43,44,16,7,3,17,7,7,14,0,1,1,1,105,2248,1677,1,2.8571,6.2278,0.7215,14700
46,48,12,7,16,12,7,17,22,0,0,0,0,1200,2140,11948,1,4.1167,9.1748,0.6215,25516
35,42,9,3,16,12,7,7,6,3,3,0,1,450,1985,1769,1,1.7778,6.2972,0.7515,13300
46,59,17,12,7,17,12,7,23,0,0,0,0,996,1528,1991,1,13.554,10.471,0.5815,31000
46,48,14,7,12,16,3,10,15,0,0,0,0,1052,1920,1880,1,4.5627,14.583,0.4915,48800
43,46,12,7,9,10,7,7,6,2,2,0,1,1128,1918,4924,1,2.1277,6.2143,0.7215,15519
30,30,12,7,3,12,7,7,11,0,0,0,0,1840,2112,1529,1,2.9891,6.6288,0.6915,19500
41,46,11,3,10,9,7,17,2,2,2,0,1,1910,2144,3382,1,2.5654,3.8246,0.7215,14545
54,54,12,7,7,15,7,12,22,1,1,0,1,980,1920,2446,1,5.6122,7.8125,0.6915,22897
31,41,12,10,12,9,10,14,10,1,1,0,1,2317,2241,4439,1,2.8054,3.4806,0.7215,14300
44,47,10,10,10,11,10,7,14,0,0,0,0,1089,880,27875,1,1.607,5.55,0.7515,14884
32,31,12,12,7,16,7,12,12,1,1,0,1,800,2070,7028,1,2.25,11.594,0.6215,27400
47,53,5,7,7,5,12,7,9,0,0,0,0,1230,1050,1463,1,2.0325,9.5238,0.7215,16400
46,57,17,14,3,17,17,7,13,1,1,0,1,1158,2635,2243,1,5.532,7.2805,0.6215,25704
37,47,11,10,12,8,10,14,18,0,0,0,0,2272,3000,1584,1,1.5845,3,0.7215,12800
51,50,12,7,7,11,7,7,8,2,2,0,1,528,2500,3477,1,3.7879,10.4,0.6215,40000
49,49,12,7,9,12,7,3,11,1,1,0,1,1000,1990,86,1,3,10.05,0.6615,47000
36,37,14,10,7,13,12,7,9,4,4,0,1,520,2390,921,1,8.6538,8.7866,0.6615,25872
39,44,11,12,12,12,7,7,9,1,1,0,1,760,1430,4977,1,4.2105,10.14,0.6915,26868
48,50,12,12,3,8,12,7,14,2,2,0,1,1920,1800,7655,1,4.6875,5,0.6915,18000
38,43,14,7,7,17,7,7,9,2,2,0,1,1220,2103,11570,1,4.0984,11.888,0.5815,30200
40,42,12,7,3,12,7,7,2,2,2,0,1,200,1350,1547,1,25,13.333,0.6615,26220
39,36,10,7,3,17,7,9,12,5,6,1,1,2480,2880,1253,1,2.6331,8.6806,0.5815,40500
37,43,16,12,12,17,7,7,15,0,0,0,0,2750,2400,3382,1,6,7.2917,0.61,33570
49,47,13,7,7,12,14,7,11,1,1,0,1,2014,1135,1521,1,5.4126,3.5242,0.7215,16917
33,35,12,12,14,17,7,7,7,3,3,0,1,1355,2750,1991,1,0.6642,6.1818,0.7215,18000
30,32,12,12,12,16,12,7,9,0,0,0,0,80,2085,921,1,1.25,2.9755,0.7515,8337
54,56,12,12,9,8,7,3,19,0,0,0,0,1670,2600,0,1,2.2754,4.5769,0.7215,17100
39,40,11,10,7,12,7,3,11,4,4,0,1,520,3542,1723,1,3.4615,3.1056,0.7515,17800
43,43,12,12,7,12,12,7,8,3,3,0,1,288,1975,2341,1,4.1667,5.8228,0.7515,13740
31,32,9,10,7,12,3,12,13,3,3,0,1,2014,2400,176,1,4.4687,7.5,0.6215,27000
33,37,13,12,7,14,7,3,4,3,3,0,1,800,3000,812,1,1.75,8.3333,0.6215,32600
40,39,12,12,3,14,12,10,7,3,3,0,1,1984,1960,10560,1,3.6694,9.2347,0.6615,28030
36,39,12,12,7,9,12,7,19,1,1,0,1,1823,2000,4331,1,6.5826,5.5,0.6615,23100
51,51,12,7,7,12,7,7,14,0,0,0,0,1500,3000,0,1,2.6,6,0.6615,24580
44,43,13,12,3,12,7,7,14,1,1,0,1,2261,2400,1144,1,4.8651,6.6667,0.6215,29000
42,48,16,12,7,14,14,7,3,3,3,0,1,1728,2450,3089,1,5.787,13.061,0.5215,42430
40,40,12,12,7,8,12,7,9,1,1,0,1,1960,2423,1907,1,4.5408,12.794,0.5215,41800
34,33,16,12,10,16,17,7,7,1,2,1,1,1578,2000,2390,1,9.5057,12,0.58,39100
30,41,17,16,12,16,17,7,7,0,0,0,0,1316,2526,774,1,10.638,6.73,0.5815,31800
54,53,12,7,7,12,7,7,14,0,0,0,0,1530,2695,1840,1,1.1111,6.679,0.6915,22200
51,54,12,16,12,12,7,16,29,0,0,0,0,2220,2048,22643,1,4.0541,4.3945,0.6915,19500
44,46,9,7,7,11,10,7,19,2,2,0,1,1336,1920,3707,1,2.6871,4.6875,0.7515,14027
43,42,12,7,10,9,7,16,14,1,1,0,1,1008,2338,1519,1,2.9762,7.6989,0.6615,21195
34,37,12,10,7,8,7,7,16,1,1,0,1,1944,2945,1482,1,3.1728,4.3287,0.6915,19013
45,52,13,12,7,12,7,7,10,0,0,0,0,2000,2047,850,1,3.55,6.7416,0.6615,20900
39,47,12,10,9,7,3,7,12,0,0,0,0,258,1668,1160,1,17.907,9.3525,0.6215,26820
50,48,12,0,7,10,0,3,24,0,0,0,0,1785,175,1740,1,3.4174,9.1429,0.7515,12800
52,53,12,7,12,12,7,7,6,0,0,0,0,480,1798,2173,1,3.3333,2.6418,0.7515,7850
41,45,12,12,3,12,12,3,9,2,2,0,1,772,1222,1648,1,3.886,7.365,0.7215,18600
59,59,10,12,3,7,7,3,14,0,0,0,0,900,1820,0,1,2.3111,1.4066,0.7715,5380
52,60,12,10,12,8,7,7,26,0,0,0,0,1428,1560,3801,1,1.7108,1.5192,0.7715,6114
46,49,16,12,7,12,12,3,7,0,0,0,0,210,2210,1821,1,2.1143,3.3439,0.7515,8234
41,48,12,3,9,16,7,7,4,5,6,1,1,239,2874,1178,1,9.9331,2.9106,0.7215,20646
33,35,11,7,10,8,7,10,15,2,2,0,1,1878,2499,3277,1,3.0277,4.3834,0.7215,16640
45,38,12,12,12,12,12,7,23,0,0,0,0,215,3088,1052,1,1.8605,4.2098,0.7215,13900
36,37,10,10,3,8,7,7,1,2,3,1,1,2340,2020,4889,1,0.1282,3.7129,0.7815,11500
48,56,12,7,3,10,7,7,29,1,1,0,1,1960,1980,1821,1,6.6327,10.606,0.5515,34000
47,47,12,7,3,11,3,7,9,1,1,0,1,532,1968,0,1,5.6391,8.6382,0.6615,28700
45,45,12,7,7,12,7,7,6,0,0,0,0,394,2100,1066,1,1.599,3.8367,0.7515,9563
37,48,12,7,9,17,7,7,11,2,2,0,1,675,2651,1378,1,2.6667,7.1671,0.6915,20960
46,49,16,12,10,14,10,7,17,4,4,0,1,1515,1918,3004,1,7.9208,8.8634,0.6215,38590
43,46,17,12,14,16,12,9,6,3,3,0,1,1030,2585,1164,1,5.3398,7.7369,0.6615,27900
42,46,12,7,7,17,7,10,7,2,2,0,1,1250,2250,1958,1,4,9.1702,0.6215,25633
34,39,17,12,7,17,12,7,2,2,3,1,1,1158,2480,3224,1,6.0449,11.29,0.5515,35200
52,53,12,7,7,12,7,10,24,0,0,0,0,112,2924,562,1,6.25,6.3269,0.5815,29500
37,52,12,10,7,9,7,7,4,3,3,0,1,336,1896,0,1,2.9762,4.7468,0.7515,10000
37,40,12,10,7,12,7,3,11,1,1,0,1,1984,2332,0,1,4.2339,4.8885,0.6915,19800
52,59,8,7,12,7,7,7,25,0,0,0,0,716,3482,3614,1,3.4916,2.4842,0.7215,12900
30,30,12,12,7,14,12,14,11,0,1,1,1,1410,2106,2671,1,4.9645,8.547,0.6215,26080
31,32,13,17,7,12,7,7,2,1,1,0,1,1300,1160,1043,1,2.7692,6.6379,0.7515,13066
38,46,12,7,12,12,7,10,19,1,1,0,1,1640,2040,2440,1,3.6585,3.1863,0.7215,12500
43,48,12,7,12,16,7,7,7,3,3,0,1,1202,2856,2293,1,5.3935,4.5466,0.5815,35600
49,51,8,7,12,8,7,12,2,1,1,0,1,489,950,2755,1,0.6564,12.789,0.7515,19424
55,58,12,7,7,10,7,7,20,0,0,0,0,2076,2068,517,1,4.7688,6.528,0.6615,26250
38,42,17,12,12,17,14,12,10,2,2,0,1,526,1896,3547,1,8.5551,16.403,0.5515,36525
52,56,17,14,7,16,17,7,19,0,0,0,0,1721,2000,3735,1,10.459,7,0.61,34700
48,51,12,7,12,11,7,12,17,0,0,0,0,1327,288,3020,1,2.6375,13.542,0.7515,8311
32,33,13,12,12,12,10,7,12,2,2,0,1,584,2160,8746,1,6.8493,6.713,0.6915,28626
32,33,12,7,12,17,7,10,11,1,1,0,1,1376,3120,3947,1,5.0872,5.4487,0.6615,24400
38,41,12,7,14,17,7,16,6,2,2,0,1,1040,1944,3455,1,0.9615,6.6872,0.7215,14025
46,47,12,16,3,12,12,7,10,3,3,0,1,548,2046,190,1,4.3066,9.0943,0.6915,21367
40,42,12,7,10,9,7,12,4,3,3,0,1,15,2005,0,1,7.0667,6.5337,0.7515,14136
31,36,9,10,12,10,7,12,2,4,4,0,1,1980,2070,921,1,2.5253,4.686,0.7515,19900
43,50,10,12,16,12,9,16,13,1,1,0,1,1520,3000,2390,1,7.8947,8,0.5215,37000
51,51,12,7,7,12,7,10,21,0,0,0,0,1880,2640,927,1,4.1489,4.053,0.6915,18500
30,34,16,16,12,17,14,7,9,0,1,1,1,1260,2450,1389,1,8.1746,8.1633,0.5515,34550
52,53,13,10,12,15,7,10,4,0,0,0,0,1092,1000,1529,1,9.5971,16.5,0.4615,49620
30,33,8,3,12,8,3,7,2,5,6,1,1,1587,2080,11683,1,2.0164,3.4615,0.7815,10400
51,51,16,16,12,16,16,12,19,0,0,0,0,156,2413,600,1,7.6218,11.361,0.5515,33000
31,31,13,7,17,12,3,12,4,2,2,0,1,1939,2570,4709,1,3.1975,3.8911,0.7215,16200
34,52,12,12,7,12,16,7,9,4,4,0,1,1250,2030,4788,1,1.6,9.6059,0.6915,22660
49,59,11,7,9,17,7,10,14,0,0,0,0,610,4684,1381,1,4.0984,2.6687,0.7215,16000
35,41,13,7,12,17,16,14,6,3,4,1,1,270,2802,3641,1,1.4815,8.8865,0.6615,25780
53,59,12,7,10,12,12,7,24,0,1,1,1,660,2090,1806,1,3.6364,6.3636,0.7215,20675
32,46,12,12,12,16,7,12,1,3,3,0,1,1000,2053,1843,1,1,17.728,0.5515,40213
38,42,10,12,12,10,7,12,13,3,3,0,1,1920,1984,7224,1,2.6042,5.2923,0.7215,15500
54,54,12,7,7,16,12,7,3,0,0,0,0,200,2040,453,1,1.75,15.686,0.5815,35207
47,58,17,10,12,8,12,10,10,1,1,0,1,1500,2794,1253,1,4.8,5.2423,0.5515,35702
45,47,15,14,12,14,12,14,16,1,1,0,1,868,3290,4386,1,5.53,3.0395,0.7215,17800
47,46,16,16,12,16,16,7,9,1,1,0,1,2318,1911,676,1,4.0984,16.745,0.4915,50900
59,60,10,7,7,12,7,10,19,0,0,0,0,2000,2000,2600,1,1.25,3.75,0.6915,17280
32,31,11,10,3,12,9,3,4,1,1,0,1,60,2580,1436,1,1.6667,5.814,0.7215,15150
45,49,12,7,12,17,7,16,10,1,1,0,1,1715,2400,121,1,3.7901,10.833,0.5815,36200
40,47,12,14,12,12,12,12,5,4,4,0,1,550,1740,2488,1,2.3636,9.0029,0.7215,17465
47,50,14,14,3,12,12,7,7,2,2,0,1,1960,2500,0,1,10.204,6.54,0.61,45205
36,37,16,12,12,17,10,12,3,2,3,1,1,44,1840,9114,1,6.8182,5.9783,0.7515,14500
56,56,14,7,3,14,7,7,38,0,0,0,0,1920,2036,16,1,7.2146,8.6248,0.5815,32011
41,43,8,7,7,11,12,7,16,1,1,0,1,2540,3536,84,1,2.4484,4.8329,0.6215,35200
48,51,7,3,9,11,7,7,13,3,3,0,1,156,880,200,1,1.1987,10.909,0.7515,13579
36,38,12,7,12,12,7,7,1,2,3,1,1,780,2007,2018,1,1.641,3.8864,0.7515,10455
41,44,12,7,14,13,3,7,7,0,0,0,0,3120,2632,31386,1,1.7821,8.4574,0.5515,32600
41,43,14,7,12,12,10,10,15,0,0,0,0,2040,2600,1981,1,2.9412,5,0.6915,19150
36,36,12,12,12,13,17,7,10,3,3,0,1,1610,2156,4277,1,4.9689,7.4212,0.6615,24400
37,41,12,10,10,12,7,7,2,3,3,0,1,215,3625,698,1,1.8605,4.4938,0.6915,21700
38,42,12,7,7,12,3,10,19,0,0,0,0,1120,2420,1796,1,8.0357,7.0252,0.6215,26201
43,43,14,3,10,9,3,7,25,2,2,0,1,846,2080,1176,1,3.9716,3.2788,0.7515,11920
54,59,16,12,7,17,12,16,25,0,0,0,0,3225,3443,2593,1,3.0416,1.2861,0.7215,16300
38,41,12,7,12,12,7,12,7,1,1,0,1,1376,2250,1703,1,2.907,5.5556,0.7215,16500
30,34,12,12,12,16,7,12,15,0,1,1,1,980,2535,3472,1,3.0612,7.4951,0.5815,30000
49,48,12,7,7,15,7,7,11,0,0,0,0,1838,2352,953,1,4.8966,22.109,0.4415,62500
45,49,13,10,9,6,10,7,25,1,1,0,1,1494,3036,513,1,4.0161,9.058,0.4415,58500
51,57,13,7,12,14,7,7,19,0,0,0,0,450,2600,9908,1,5.5556,11.538,0.5215,40900
34,39,10,0,12,7,10,12,4,0,0,0,0,1976,2223,2899,1,1.2227,6.0468,0.6915,16308
34,34,12,7,7,10,7,7,14,2,2,0,1,2012,2666,1230,1,2.6839,1.3653,0.7515,9300
41,41,12,10,12,17,9,12,19,1,1,0,1,561,2006,0,1,2.6738,16.55,0.5515,35700
49,49,12,9,10,17,9,12,18,1,1,0,1,1715,1710,3004,1,9.3294,8.7719,0.64,35700
32,46,12,12,12,14,12,7,14,0,0,0,0,1912,1920,3207,1,3.1381,9.6354,0.6615,24500
32,39,14,12,7,14,12,7,11,0,0,0,0,3686,1647,1600,1,0.5426,6.6788,0.7215,13000
32,35,17,12,12,15,12,12,4,2,2,0,1,1080,3080,1208,1,8.6111,7.5727,0.4415,52600
47,48,10,3,17,10,7,12,29,0,0,0,0,1799,1920,3771,1,3.6687,7.8125,0.6615,25360
39,47,9,9,14,4,9,14,21,1,1,0,1,1984,2420,3136,1,2.3185,1.9835,0.7515,9400
49,53,12,12,12,15,12,10,24,0,0,0,0,1839,2205,3465,1,2.882,9.5238,0.6215,26800
37,39,12,12,7,14,7,3,19,3,3,0,1,1579,3035,3912,1,3.1666,6.425,0.6615,33040
59,60,16,14,9,15,12,7,31,0,0,0,0,96,2185,4164,1,3.6458,10.984,0.6215,26350
50,56,12,7,14,12,7,16,28,0,0,0,0,1920,1880,2101,1,6.25,12.766,0.5215,39000
32,33,17,12,3,17,12,3,15,1,1,0,1,1688,1863,8141,1,10.249,9.5545,0.61,35100
46,48,12,12,3,16,12,7,27,0,0,0,0,1589,2456,0,1,3.2096,5.4967,0.6615,22502
43,46,17,12,12,17,14,7,13,2,2,0,1,345,1847,0,1,7.6522,9.7618,0.6915,21950
37,42,11,7,3,6,7,7,4,3,3,0,1,1521,2000,3224,1,1.9724,5,0.7515,13000
32,35,16,12,12,14,14,12,10,2,2,0,1,1490,1856,1109,1,4.698,5.9995,0.7215,18180
39,43,11,10,10,14,10,7,8,1,1,0,1,989,1880,3382,1,2.1234,6.9149,0.6915,20957
34,35,13,12,12,12,12,7,4,2,2,0,1,600,3020,1806,1,2.3333,4.9669,0.7215,13700
39,41,11,7,17,8,7,17,18,1,1,0,1,2646,2646,1825,1,2.3896,2.3896,0.6915,20000
45,48,8,7,12,9,7,12,3,3,3,0,1,2149,1640,1371,1,1.2564,4.5122,0.7515,12260
50,54,11,3,12,11,12,7,11,0,0,0,0,320,1950,2285,1,1.0938,9.2308,0.6615,24850
40,39,12,12,12,12,7,12,8,1,1,0,1,1600,1920,2028,1,3.75,11.458,0.5815,29150
30,34,10,7,12,12,7,10,10,1,1,0,1,2419,2025,2306,1,3.3072,7.6993,0.6615,23591
57,56,17,16,7,17,12,7,33,0,0,0,0,2005,2470,168,1,5.1352,4.183,0.6615,24717
39,43,12,12,16,12,12,14,19,1,1,0,1,1960,1800,3013,1,6.6327,8.3333,0.6215,30455
53,56,12,12,12,8,12,12,35,0,0,0,0,2147,1920,8046,1,4.5645,5.1042,0.6915,19600
48,53,17,7,7,17,12,10,21,1,1,0,1,1207,2039,1426,1,11.848,8.2271,0.64,31875
46,48,14,14,12,16,14,7,7,1,1,0,1,2000,2570,334,1,3.75,5.6634,0.6615,24055
47,54,12,7,7,12,10,7,18,0,0,0,0,1260,1914,6747,1,4.3651,5.222,0.7215,18795
43,47,12,7,12,10,7,7,4,1,1,0,1,90,1516,6119,1,3.9333,7.19,0.7515,12198
47,47,12,12,12,16,7,12,12,0,0,0,0,1800,2520,172,1,3.3333,13.907,0.4915,52645
47,48,12,10,7,12,7,7,16,1,1,0,1,573,2327,0,1,3.3159,6.0163,0.7215,16600
47,50,12,7,12,12,7,7,14,0,0,0,0,1825,2188,1588,1,3.5616,7.6782,0.6215,32590
46,48,12,3,10,12,7,7,3,0,0,0,0,75,1864,0,1,1.6,5.3112,0.7515,10020
34,33,9,7,12,10,7,17,1,4,4,0,1,1348,2183,11656,1,2.2255,4.1228,0.7515,12048
48,55,10,7,12,12,7,12,27,0,0,0,0,1880,1920,20702,1,4.7872,7.8125,0.6215,39750
30,31,12,10,7,12,7,7,12,1,1,0,1,1240,1824,184,1,5.8065,4.6053,0.7215,15700
51,54,12,7,12,12,7,12,6,1,1,0,1,848,2878,28627,1,2.3585,3.9746,0.6615,24250
52,54,12,7,7,16,12,7,9,5,5,0,1,150,2390,3641,1,2,15.063,0.5215,43210
37,39,12,12,7,13,12,7,2,2,2,0,1,2000,3120,1112,1,1.9,4.5064,0.6215,37100
32,33,12,12,10,12,7,7,6,2,2,0,1,1952,2040,1196,1,5.123,5.8824,0.6615,23820
36,35,17,12,14,15,14,17,9,2,2,0,1,1456,2151,831,1,5.4945,10.228,0.5815,31600
35,37,12,10,14,14,10,12,16,2,2,0,1,1740,1976,2768,1,6.3218,6.5789,0.6615,24000
45,51,17,14,10,16,12,7,22,0,0,0,0,1400,2286,1336,1,7.1429,8.8145,0.5815,30750
56,60,12,7,12,10,7,9,26,0,0,0,0,2000,2032,1835,1,2.375,2.9528,0.7515,11050
40,45,10,7,10,4,7,7,11,2,2,0,1,1750,1680,3166,1,2.5429,4.5173,0.7515,12239
45,49,12,14,12,14,12,12,11,2,3,1,1,1101,1560,2159,1,2.1798,5.1282,0.7515,12870
32,30,12,10,7,12,7,3,15,2,2,0,1,2000,2895,1063,1,2.6,4.1451,0.7215,17200
45,50,12,10,12,8,10,12,13,0,0,0,0,1877,1820,736,1,3.7294,8.7912,0.6615,23980
40,44,12,7,7,12,12,7,6,2,2,0,1,160,2450,1119,1,4.375,7.3061,0.6915,18600
38,42,12,7,14,8,10,12,20,1,1,0,1,1886,1748,630,1,4.4433,6.0069,0.6915,23920
49,45,12,7,12,12,7,12,17,4,4,0,1,1446,1020,4445,1,4.2877,8.3333,0.7515,16084
47,49,16,14,12,17,14,7,8,1,1,0,1,1500,2342,1761,1,1.6667,11.529,0.5815,31100
52,53,13,7,14,12,7,17,13,0,0,0,0,860,2250,5598,1,3.2558,6.6667,0.6615,20460
34,40,13,12,7,16,12,7,15,1,1,0,1,1848,2880,5383,1,5.4113,8.6806,0.5515,36000
44,46,12,14,12,12,12,10,14,2,2,0,1,1678,2032,1574,1,2.205,3.468,0.7215,17302
36,42,16,14,7,16,7,7,14,3,3,0,1,160,3120,2159,1,4.0625,3.0321,0.7215,16450
50,57,17,14,7,16,16,9,6,0,0,0,0,108,1760,2614,1,0.6482,13.807,0.5815,41170
45,47,12,0,10,12,0,7,24,0,0,0,0,1738,1725,3004,1,5.3826,6.2174,0.6615,20130
44,46,14,16,12,13,12,12,10,2,2,0,1,1170,2080,2028,1,0.1709,4.2308,0.7515,9200
57,57,12,7,12,10,7,9,2,2,2,0,1,15,2040,1241,1,23.467,11.47,0.6615,24751
35,42,17,12,16,17,17,7,9,0,0,0,0,2088,2940,7792,1,9.5785,12.245,0.5,57300
46,52,12,7,12,12,7,12,23,0,0,0,0,2490,2280,7116,1,3.6948,9.2105,0.5815,37200
30,35,14,10,12,16,12,12,12,1,3,2,1,135,2164,6414,1,2.2222,6.3309,0.7215,14000
42,44,12,7,10,12,3,7,8,3,3,0,1,1944,1999,494,1,1.749,7.8039,0.6915,20610
34,36,12,10,12,13,7,14,16,1,1,0,1,690,1824,2092,1,1.1594,7.6754,0.7215,14800
45,47,17,10,12,16,14,7,10,2,2,0,1,608,2182,1613,1,6.9901,15.582,0.5515,40005
35,37,16,14,7,16,7,7,7,2,3,1,1,63,2385,1675,1,3.9683,9.6436,0.6615,23750
40,44,16,7,12,17,12,14,19,0,0,0,0,154,2460,3825,1,21.429,12.886,0.5515,35300
32,35,12,12,12,16,12,7,2,1,1,0,1,420,2595,0,1,0.4762,6.5511,0.6915,17350
54,57,9,7,10,10,7,3,9,0,0,0,0,651,2400,1205,1,2.1505,8.25,0.6615,21650
38,42,12,7,7,8,7,7,14,3,3,0,1,675,3120,5635,1,1.8578,1.3792,0.7915,6740
43,42,12,12,12,12,14,7,9,3,3,0,1,1663,2850,3481,1,4.3295,5.2632,0.6915,32275
54,60,16,14,10,12,7,7,16,0,0,0,0,1680,760,8512,1,8.9286,10.526,0.72,33220
39,37,14,12,7,17,12,7,7,3,3,0,1,180,2500,544,1,2.7778,10,0.6215,26500
37,39,12,7,17,14,12,16,6,1,1,0,1,1581,2630,1808,1,2.6565,12.548,0.5215,38700
46,48,12,7,12,8,7,12,22,2,2,0,1,1200,2597,2425,1,2.5,4.6207,0.7215,15400
56,60,11,7,12,11,7,9,9,0,0,0,0,450,2760,1611,1,18.267,1.854,0.6915,19007
41,44,12,12,14,8,7,12,9,3,3,0,1,547,2070,3566,1,0.819,7.4266,0.7215,16771
45,48,16,16,7,16,7,7,14,1,1,0,1,300,2256,3112,1,2,13.298,0.5815,31100
44,47,17,3,3,16,3,7,17,1,1,0,1,975,1505,1669,1,15.385,26.578,0.5,66300
50,52,17,16,7,17,12,7,12,1,1,0,1,1621,2364,2369,1,6.4775,13.959,0.4915,43550
37,38,14,7,12,14,7,7,13,5,5,0,1,300,2895,182,1,8.3333,13.126,0.6215,37250
44,46,12,16,7,12,7,7,8,1,1,0,1,1868,2041,1519,1,4.5503,7.8883,0.6615,24900
32,34,14,7,7,17,14,7,10,2,2,0,1,1803,2195,2083,1,2.4958,8.656,0.6615,24200
34,40,12,10,7,12,10,3,16,1,2,1,1,2143,1935,4496,1,4.4797,3.4109,0.7215,16200
32,35,10,10,7,10,10,7,1,2,2,0,1,1080,1950,3418,1,2.2324,4.6256,0.7515,11431
37,38,12,10,7,14,10,12,6,3,3,0,1,1352,2375,4362,1,2.071,4.2105,0.7515,13200
44,55,13,10,10,8,10,12,4,1,1,0,1,537,1920,2159,1,1.676,4.2708,0.7715,15420
34,33,16,12,12,12,12,7,8,2,2,0,1,352,3300,1160,1,3.4091,3.3424,0.6915,18400
33,33,12,10,12,16,3,12,4,3,4,1,1,200,3680,3359,1,2.5,8.6359,0.4915,43500
43,43,7,7,7,12,7,7,15,3,3,0,1,2045,1968,5173,1,3.9609,6.7581,0.6915,21972
35,33,16,16,12,10,16,7,7,2,2,0,1,1253,2504,3705,1,6.2275,0.5843,0.7715,7774
43,45,14,7,3,14,7,12,14,1,1,0,1,1960,2000,1465,1,3.9286,5.335,0.6915,24470
34,37,12,7,9,12,7,3,16,0,0,0,0,2000,1656,3665,1,2.9,4.7101,0.7215,13600
36,39,10,7,3,7,0,7,15,3,3,0,1,1960,1968,546,1,4.0816,4.9797,0.7215,22500
41,41,12,7,7,12,7,7,23,2,2,0,1,2000,2016,2122,1,2.85,2.9762,0.7215,13600
41,44,16,7,12,17,7,7,19,0,0,0,0,1568,2602,983,1,7.0153,12.744,0.4415,90800
35,43,10,10,9,9,10,7,4,3,3,0,1,1225,1560,299,1,2.9388,3.8462,0.7515,10776
32,37,12,10,7,10,7,14,12,3,4,1,1,780,1827,2789,1,1.9231,7.2233,0.7515,19007
30,34,14,12,14,14,12,7,12,0,0,0,0,480,2080,1457,1,6.875,8.8077,0.6615,23900
43,47,12,7,12,12,7,7,25,0,0,0,0,1923,3390,2264,1,3.9002,5.3864,0.6215,26060
54,57,6,7,12,6,7,12,14,0,0,0,0,2000,2524,2488,1,2,3.6846,0.7215,13300
35,34,15,7,12,12,7,7,14,2,2,0,1,2110,2777,1512,1,4.9763,1.8437,0.7215,15620
50,54,12,7,10,13,7,7,11,0,0,0,0,1664,3120,5406,1,1.2019,1.3013,0.7215,16500
34,36,17,14,7,17,16,7,7,1,2,1,1,48,2700,802,1,22.5,7.2222,0.6915,20880
52,57,14,14,10,12,12,7,18,0,0,0,0,1791,1904,0,1,6.8677,7.3529,0.6615,30600
35,38,13,7,12,14,10,12,4,3,3,0,1,1404,2360,4182,1,3.5613,11.864,0.6215,39000
55,58,6,7,10,8,7,12,37,0,0,0,0,1920,1960,687,1,1.9792,5.3327,0.7215,15428
35,42,16,7,12,16,7,16,13,0,0,0,0,2141,2000,2251,1,5.3713,5.5,0.6615,23300
49,45,14,16,12,16,16,7,14,1,1,0,1,1720,2600,0,1,1.7442,7.2308,0.5215,42100
38,38,15,12,12,9,7,12,17,2,4,2,1,3533,2000,8174,1,5.0948,7,0.64,36430
42,45,14,7,7,14,7,12,5,2,2,0,1,2000,2218,2825,1,2.5,7.2137,0.6915,26000
48,52,8,7,3,5,7,7,2,1,1,0,1,800,2000,1128,1,3.825,4.5,0.7515,62060
51,53,14,12,12,16,12,12,0,0,0,0,0,3000,2595,1428,1,1,8.8632,0.6215,28300
43,47,12,12,7,12,10,7,3,2,2,0,1,293,2400,91,1,3.0717,9.3333,0.6615,24149
43,48,12,12,7,12,10,7,21,1,1,0,1,1872,2856,2046,1,1.7163,3.8263,0.6615,28141
38,38,12,10,12,14,10,7,20,1,1,0,1,2058,2601,3933,1,4.0209,5.4448,0.6615,23057
44,48,12,3,7,9,7,9,19,1,1,0,1,1832,2054,650,1,5.4585,8.7634,0.6215,28900
36,35,12,12,7,12,10,7,4,3,4,1,1,120,2500,2993,1,25,8.4,0.6615,24000
38,31,12,12,7,12,12,7,19,0,0,0,0,1632,1960,3041,1,2.3897,5.102,0.7215,13900
47,51,8,12,7,8,12,7,11,0,0,0,0,778,2058,1034,1,3.2134,7.4101,0.6915,31810
34,49,12,7,7,10,7,7,14,2,2,0,1,1984,2410,1205,1,3.377,5.3527,0.6915,19840
40,38,17,16,12,17,17,12,8,2,3,1,1,225,1278,2398,1,1.7778,19.562,0.6615,25490
31,35,12,12,9,12,12,10,13,1,1,0,1,1960,2875,1120,1,3.1633,5.0783,0.6915,20800
46,49,12,10,10,12,16,12,24,0,0,0,0,444,2340,3371,1,2.7027,0.5128,0.8015,2400
36,43,14,10,3,17,10,7,1,3,3,0,1,384,3060,875,1,1.6927,5.402,0.5815,32650
39,47,13,12,9,12,16,7,1,2,3,1,1,1170,1920,2636,1,0.2137,7.8646,0.7215,16370
36,38,17,7,12,12,7,12,3,2,2,0,1,1330,3390,6873,1,6.7669,6.0531,0.5515,35500
37,41,8,7,7,12,7,7,4,4,4,0,1,1350,2400,4440,1,1.7407,5,0.7515,15100
39,40,12,7,7,11,9,7,21,4,4,0,1,480,1640,3070,1,2.5,7.6829,0.7515,14100
36,38,11,7,10,8,3,7,10,3,4,1,1,1984,1656,381,1,4.4859,6.0386,0.7215,19600
49,53,12,7,7,16,7,3,13,2,2,0,1,1944,1920,1648,1,2.572,5.851,0.7215,19434
45,46,12,7,12,10,7,10,9,1,2,1,1,50,1780,2572,1,3.46,6.7416,0.7215,23882
32,31,17,7,7,17,7,3,14,0,2,2,1,460,1850,1618,1,4.7826,8.1081,0.7215,17300
36,43,10,7,12,12,7,7,2,5,5,0,1,680,3430,6931,1,2.3118,5.3061,0.7215,19772
40,40,12,7,12,8,7,16,21,1,1,0,1,2450,2008,5998,1,5.3061,7.2709,0.6215,35641
43,43,13,7,7,11,7,7,22,2,2,0,1,2144,2140,1825,1,5.8675,8.1776,0.5815,34220
33,34,12,12,7,12,16,12,14,1,1,0,1,1760,3380,190,1,3.4091,7.1006,0.5815,30000
30,33,12,12,12,11,12,7,7,1,1,0,1,490,2430,3237,1,4.0816,6.5844,0.6915,18000
49,54,12,14,16,15,12,17,2,1,1,0,1,0,2550,2285,0,NA,7.8529,0.6615,21025
30,34,16,14,7,16,7,7,5,0,2,2,1,0,1928,1381,0,NA,11.929,0.6615,23600
30,39,12,12,12,17,12,7,12,0,1,1,1,0,1100,7131,0,NA,18,0.6615,22800
41,40,12,7,7,16,7,3,1,4,4,0,1,0,3193,0,0,NA,10.022,0.5815,35910
45,46,12,7,7,16,7,14,12,1,1,0,1,0,2250,2011,0,NA,9.3333,0.6615,21700
43,44,12,7,7,13,7,7,4,5,5,0,1,0,2012,1816,0,NA,6.085,0.7515,21823
42,46,13,10,7,15,7,7,9,1,1,0,1,0,3856,1422,0,NA,5.7054,0.6615,31000
60,58,12,7,7,12,7,7,9,0,0,0,0,0,1645,3392,0,NA,9.1185,0.7215,15300
57,57,12,9,14,12,3,7,6,0,0,0,0,0,1554,4924,0,NA,7.2072,0.7215,12925
38,41,10,12,7,8,7,7,5,2,2,0,1,0,2352,2159,0,NA,5.3146,0.7515,15830
56,58,12,12,7,12,12,7,5,0,0,0,0,0,1980,2789,0,NA,8.2828,0.6915,30200
32,37,12,10,9,7,7,3,8,3,3,0,1,0,2352,1,0,NA,7.0578,0.7215,16600
49,58,7,7,7,6,7,7,2,1,1,0,1,0,1784,1921,0,NA,6.1659,0.7515,11000
55,58,12,7,3,12,10,7,6,0,0,0,0,0,2500,1779,0,NA,2.7,0.7215,15000
36,39,9,7,10,14,7,7,0,1,2,1,1,0,2088,1299,0,NA,7.6628,0.7215,20528
44,50,12,9,7,12,9,7,3,3,3,0,1,0,4640,1623,0,NA,1.8491,0.7515,13126
44,60,10,7,7,12,14,7,7,1,1,0,1,0,3900,0,0,NA,3.8462,0.7215,15550
35,34,14,3,10,17,12,7,3,2,3,1,1,0,1988,2720,0,NA,9.0543,0.7215,18010
44,45,14,10,12,10,10,16,10,3,5,2,1,0,1920,5192,0,NA,9.375,0.7215,18874
45,45,12,12,7,12,12,7,3,1,1,0,1,0,2400,4206,0,NA,8.3333,0.6615,24800
34,38,12,12,10,12,17,7,2,0,1,1,1,0,1867,2335,0,NA,9.3733,0.6915,17500
30,32,17,12,12,17,12,7,12,0,2,2,1,0,3570,1436,0,NA,4.4818,0.7215,16150
39,44,8,7,7,12,3,7,15,1,1,0,1,0,2805,2573,0,NA,5.3476,0.7215,15189
36,39,12,7,9,15,7,12,5,2,2,0,1,0,1110,622,0,NA,3.2027,0.7815,6000
38,42,17,10,0,16,12,7,4,2,2,0,1,0,2695,434,0,NA,12.801,0.5515,37250
53,54,12,10,12,16,10,7,10,0,0,0,0,0,1950,373,0,NA,6.9103,0.6215,27760
36,42,12,7,7,12,7,7,1,2,2,0,1,0,2128,2141,0,NA,4.2293,0.7715,9090
32,31,12,12,3,12,7,3,8,1,2,1,1,0,3260,1160,0,NA,4.4479,0.7215,14500
51,51,9,7,14,12,7,7,20,3,3,0,1,0,1987,1475,0,NA,8.0523,0.7215,19700
38,46,11,10,7,11,7,7,4,0,0,0,0,0,2185,4135,0,NA,7.5057,0.6915,16788
33,36,12,10,3,12,10,3,7,0,2,2,1,0,2475,1266,0,NA,7.4747,0.6915,18520
54,53,12,16,12,12,10,7,10,0,0,0,0,0,2610,2453,0,NA,6.3218,0.6915,20950
38,44,9,7,7,12,3,12,3,3,3,0,1,0,1920,3801,0,NA,2.1354,0.8015,7574
30,31,11,7,12,14,7,7,5,2,4,2,1,0,2352,737,0,NA,4.2092,0.7715,10027
34,30,12,12,7,12,12,7,10,3,5,2,1,0,3160,3020,0,NA,0.7595,0.9415,5000
34,37,9,12,7,13,7,7,0,1,1,0,1,0,1040,3119,0,NA,4.8077,0.7915,7040
50,49,12,10,3,12,7,7,3,2,2,0,1,0,3120,1584,0,NA,12.788,0.5215,40800
30,30,17,12,12,16,12,7,10,0,2,2,1,0,2240,4309,0,NA,7.1429,0.7215,16050
38,42,12,10,3,16,7,7,2,2,2,0,1,0,1980,226,0,NA,15.152,0.5815,33100
54,58,14,12,12,14,12,7,10,0,0,0,0,0,1960,2421,0,NA,7.9082,0.7215,33856
30,31,12,12,12,17,12,7,4,2,3,1,1,0,2940,3442,0,NA,6.9728,0.6915,20500
55,56,12,7,12,11,7,10,0,0,0,0,0,0,2467,1806,0,NA,4.9181,0.5815,28600
51,56,10,10,16,12,10,17,10,1,1,0,1,0,2256,11486,0,NA,8.3112,0.6915,18750
44,46,12,7,9,12,7,12,5,1,1,0,1,0,1680,3481,0,NA,7.1429,0.7215,20300
53,55,12,7,10,12,7,7,0,0,0,0,0,0,2250,18155,0,NA,5.6889,0.7215,13420
42,49,10,3,12,9,3,7,0,2,2,0,1,0,2400,2705,0,NA,7.0833,0.7215,18400
38,42,12,10,16,11,7,16,19,2,2,0,1,0,2196,5247,0,NA,5.6922,0.7215,16682
38,40,13,7,12,12,7,10,2,3,4,1,1,0,2400,2993,0,NA,11.4,0.6215,32685
41,41,12,3,12,11,3,10,12,4,5,1,1,0,3825,2426,0,NA,1.4152,0.8015,7050
35,44,8,12,16,9,7,16,5,3,3,0,1,0,2860,5603,0,NA,2.7507,0.7815,10867
33,34,12,12,7,12,12,7,5,2,3,1,1,0,2750,5810,0,NA,6.6182,0.7215,18220
48,50,13,7,12,16,7,7,5,0,0,0,0,0,2103,1954,0,NA,9.2725,0.6915,26613
47,51,12,12,7,12,10,7,10,0,0,0,0,0,1880,3481,0,NA,12.287,0.6215,25000
34,41,12,7,10,13,7,10,0,5,5,0,1,0,3185,1205,0,NA,2.8549,0.7515,15700
33,37,13,12,10,17,10,7,4,1,3,2,1,0,2677,1806,0,NA,7.9709,0.5215,40250
31,36,13,12,7,17,16,7,3,1,4,3,1,0,3600,4574,0,NA,19.444,0.4415,73600
58,58,8,12,10,8,7,7,2,0,0,0,0,0,4334,6724,0,NA,1.4806,0.7515,10592
49,52,12,7,12,8,7,16,1,0,0,0,0,0,2874,3049,0,NA,1.8918,0.7515,8000
55,56,8,7,7,9,3,3,0,1,1,0,1,0,1936,2461,0,NA,6.9215,0.7215,13400
44,49,14,12,7,8,12,7,1,0,0,0,0,0,1964,3395,0,NA,10.692,0.6615,23700
44,48,9,7,7,8,7,7,1,0,0,0,0,0,1900,445,0,NA,9.9474,0.6915,18900
36,37,16,7,7,17,12,7,6,3,3,0,1,0,2500,1271,0,NA,19,0.4615,48300
38,46,12,14,7,14,14,14,12,3,3,0,1,0,3173,8942,0,NA,7.4882,0.6615,24470
37,38,16,16,7,17,7,7,6,3,3,0,1,0,2916,984,0,NA,9.259,0.6215,28630
47,51,12,12,12,12,7,10,9,0,0,0,0,0,2208,12588,0,NA,11.322,0.6215,25320
47,47,12,12,7,10,10,7,14,3,3,0,1,0,2094,1888,0,NA,6.447,0.7515,13530
32,33,12,7,9,12,7,9,13,1,2,1,1,0,2250,428,0,NA,6.5778,0.7215,14800
43,46,12,12,10,12,7,16,8,2,3,1,1,0,2000,10574,0,NA,6.1,0.7515,17400
42,48,11,10,3,10,10,7,0,4,5,1,1,0,2600,1964,0,NA,4.2308,0.7815,15980
56,57,12,7,7,8,7,12,1,0,0,0,0,0,4368,642,0,NA,2.217,0.7215,16576
38,40,13,12,7,16,7,7,3,5,5,0,1,0,3068,3994,0,NA,6.5189,0.6915,21850
52,51,12,7,7,11,7,7,13,2,2,0,1,0,2218,1657,0,NA,6.4923,0.7215,14600
50,56,12,12,7,12,12,7,3,0,0,0,0,0,1848,1465,0,NA,11.364,0.6615,21600
33,33,16,12,12,17,12,7,8,0,0,0,0,0,2430,3905,0,NA,9.8765,0.6615,24000
44,44,16,7,12,17,7,7,8,2,2,0,1,0,2640,6180,0,NA,7.6576,0.6915,20883
41,42,12,7,14,16,7,7,18,1,1,0,1,0,2108,562,0,NA,8.3017,0.6915,19500
45,45,12,14,12,12,12,7,2,1,1,0,1,0,1998,1482,0,NA,14.114,0.6215,42800
53,55,14,7,7,16,7,7,3,0,0,0,0,0,2500,2258,0,NA,16,0.5215,41500
53,56,14,12,7,17,12,7,5,0,0,0,0,0,1665,3957,0,NA,11.291,0.6915,18965
42,46,12,12,12,12,10,7,2,1,1,0,1,0,2990,3097,0,NA,2.3395,0.7215,16100
32,35,13,12,7,16,17,7,10,0,2,2,1,0,1795,1880,0,NA,7.7994,0.7215,14700
56,53,12,7,7,12,7,7,30,0,0,0,0,0,2500,4309,0,NA,6,0.7215,18800
37,40,11,10,7,11,7,7,1,3,4,1,1,0,2205,1658,0,NA,6.6893,0.7515,14750
40,42,12,12,12,14,7,7,5,2,3,1,1,0,2460,8688,0,NA,8.5366,0.6915,21000
54,55,15,0,7,16,7,7,8,3,3,0,1,0,1880,5461,0,NA,13.83,0.6215,35400
53,53,7,7,7,9,7,7,0,0,0,0,0,0,3481,2038,0,NA,1.48,0.7515,10700
48,51,12,7,7,12,7,7,4,1,1,0,1,0,2450,5004,0,NA,8.5714,0.6615,24500
36,38,12,7,16,14,7,14,2,2,3,1,1,0,2062,9774,0,NA,8.2299,0.7215,17045
57,52,12,7,7,14,7,14,30,0,0,0,0,0,2146,2018,0,NA,8.3877,0.6915,18800
51,49,12,10,9,7,7,7,25,0,0,0,0,0,1575,466,0,NA,7.3651,0.7215,14000
33,37,13,7,9,12,0,9,3,4,4,0,1,0,3096,1623,0,NA,3.4415,0.7215,18214
52,49,12,7,16,11,7,7,20,0,0,0,0,0,3280,1946,0,NA,3.3537,0.7515,20177
56,60,10,0,12,8,7,12,20,0,0,0,0,0,1680,3853,0,NA,2.9762,0.7815,8300
36,38,12,14,12,11,9,12,0,2,3,1,1,0,2625,2626,0,NA,5.181,0.7515,14200
36,50,14,12,16,16,12,9,15,0,1,1,1,0,1846,270,0,NA,10.293,0.6915,21768
46,47,12,10,7,10,7,7,10,1,1,0,1,0,2178,2085,0,NA,13.243,0.5815,29553
31,33,10,7,16,9,7,16,4,3,3,0,1,0,960,6568,0,NA,3.6458,0.9415,4350
52,51,11,7,12,12,7,7,3,0,0,0,0,0,2210,11549,0,NA,10.407,0.6615,24000
46,55,12,7,10,12,7,12,10,2,2,0,1,0,2192,2467,0,NA,8.2117,0.6915,18300
35,44,12,7,3,16,3,7,9,0,2,2,1,0,1960,1937,0,NA,8.6735,0.7215,17200
59,56,12,7,12,10,7,7,7,0,0,0,0,0,1920,1138,0,NA,8.3208,0.6915,16476
36,40,8,0,12,12,0,7,12,1,1,0,1,0,2286,7542,0,NA,4.287,0.7515,13400
51,52,7,3,7,7,3,7,0,3,4,1,1,0,2000,6051,0,NA,10.5,0.5215,44988
31,31,16,12,12,12,12,7,16,0,1,1,1,0,2256,2164,0,NA,7.9787,0.6915,18200
31,36,14,12,7,17,12,7,4,2,2,0,1,0,2370,565,0,NA,11.814,0.6215,28000
32,39,12,12,10,13,12,12,7,1,2,1,1,0,1800,6117,0,NA,6.1111,0.7515,11550
35,38,16,12,9,16,7,7,7,2,3,1,1,0,2250,1173,0,NA,12.578,0.6215,28450
40,43,12,7,12,12,10,7,14,3,3,0,1,0,1080,725,0,NA,11.244,0.7515,15096
33,38,10,7,17,12,7,7,2,2,3,1,1,0,2840,1114,0,NA,2.7408,0.7815,8009
54,52,7,0,10,11,0,10,20,0,0,0,0,0,2250,875,0,NA,4.4444,0.7515,10040
36,37,12,12,12,12,12,12,5,1,2,1,1,0,2746,1784,0,NA,5.8267,0.7215,16700
50,60,10,12,14,8,7,16,10,1,1,0,1,0,2300,3089,0,NA,2.3478,0.7815,8400
54,49,8,0,7,8,0,14,20,0,0,0,0,0,2860,2093,0,NA,4.4755,0.7215,13000
48,49,11,7,7,12,7,12,10,1,1,0,1,0,1765,3599,0,NA,8.4986,0.7215,17970
41,42,15,14,14,16,17,7,8,4,4,0,1,0,2520,5436,0,NA,7.1825,0.7215,18450
50,53,12,12,7,12,7,7,11,4,4,0,1,0,2208,2120,0,NA,10.87,0.6615,31000
46,51,12,10,7,8,7,12,3,2,2,0,1,0,2119,4181,0,NA,7.1222,0.7215,24135
42,47,13,12,3,17,12,3,6,1,1,0,1,0,2580,3952,0,NA,10.6592,0.5815,31700
31,34,9,3,7,12,3,7,4,2,3,1,1,0,1984,351,0,NA,3.2762,0.7915,10190
53,58,12,10,7,8,10,7,4,0,0,0,0,0,1880,346,0,NA,7.7521,0.7215,21574
51,57,12,3,12,12,3,12,9,1,1,0,1,0,2185,7088,0,NA,11.945,0.6215,26680
47,57,12,7,10,12,9,10,10,1,1,0,1,0,2080,5751,0,NA,4.6154,0.7515,17700
50,50,12,12,12,12,12,7,3,1,1,0,1,0,1920,2831,0,NA,13.021,0.6215,29400
37,52,6,7,10,5,7,12,2,1,1,0,1,0,3000,1611,0,NA,2.6667,0.7515,22159
30,31,12,12,10,12,12,10,2,2,4,2,1,0,2100,1178,0,NA,8.8333,0.5815,35000
49,39,12,16,10,12,16,10,0,0,0,0,0,0,1690,2236,0,NA,2.3669,0.7915,8630
52,49,12,7,14,16,0,14,8,2,2,0,1,0,2600,4977,0,NA,5,0.7515,17080
47,49,12,10,7,16,7,7,6,2,2,0,1,0,1984,1003,0,NA,7.4597,0.7215,32500
49,53,12,7,14,12,7,7,15,0,0,0,0,0,2064,3801,0,NA,7.7519,0.7215,16000
44,31,12,12,10,16,10,16,15,4,4,0,1,0,2553,1999,0,NA,5.4054,0.7515,18850
53,59,8,9,3,9,9,7,9,0,0,0,0,0,2776,14995,0,NA,6.1239,0.6915,17500
30,31,12,7,0,13,12,7,8,0,1,1,1,0,2315,3698,0,NA,8.3369,0.6915,19392
54,55,12,7,12,12,10,14,18,2,2,0,1,0,1880,5436,0,NA,7.1277,0.7215,14450
47,51,7,0,9,7,0,12,3,1,2,1,1,0,2160,6928,0,NA,6.1204,0.6915,21800
56,56,15,7,7,12,7,7,10,0,0,0,0,0,900,4194,0,NA,3.1111,0.7515,7700
49,52,12,7,7,16,7,7,6,1,1,0,1,0,2467,1289,0,NA,12.161,0.5815,31800
48,55,6,7,7,12,7,9,20,0,0,0,0,0,1820,4180,0,NA,5.3846,0.7515,17258
49,53,12,10,10,10,12,9,8,1,1,0,1,0,2223,7350,0,NA,3.9838,0.7515,13399
56,60,12,12,7,12,16,7,3,1,1,0,1,0,2142,1080,0,NA,7.4697,0.7215,16073
46,46,12,7,7,11,7,3,4,0,0,0,0,0,1928,5034,0,NA,11.411,0.6615,23260
45,49,12,12,7,17,12,7,13,2,2,0,1,0,2783,2972,0,NA,12.936,0.5515,37300
32,35,12,12,12,12,7,7,4,2,2,0,1,0,1960,7453,0,NA,5.6122,0.7515,11000
43,41,12,7,12,12,7,16,17,1,2,1,1,0,1920,30285,0,NA,6.8099,0.7515,13075
34,39,12,7,3,12,7,9,4,1,2,1,1,0,1587,3989,0,NA,8.5066,0.7215,13700
30,51,12,7,14,10,10,12,0,1,2,1,1,0,2496,7716,0,NA,5.508,0.6615,25100
38,39,17,12,10,12,16,10,15,0,2,2,1,0,2280,3354,0,NA,7.2285,0.6915,18600
33,36,16,16,14,17,16,14,11,1,2,1,1,0,2750,7584,0,NA,9.4545,0.6215,29000
52,55,12,7,3,12,7,3,23,0,0,0,0,0,2115,310,0,NA,8.9835,0.6915,19237
43,45,11,12,12,12,14,7,1,3,3,0,1,0,2590,3020,0,NA,5.9846,0.7215,19855
33,34,12,12,7,12,7,3,5,1,2,1,1,0,2372,1253,0,NA,3.9629,0.7515,9450
45,48,10,7,10,12,7,7,1,0,0,0,0,0,2295,3387,0,NA,7.0575,0.5815,30000
36,38,10,10,12,12,10,12,5,1,3,2,1,0,2096,4952,0,NA,7.1565,0.7215,15000
34,39,12,12,12,17,12,7,3,1,2,1,1,0,3315,2516,0,NA,4.0145,0.6615,24701
37,50,14,10,14,16,14,7,3,2,2,0,1,0,1777,4574,0,NA,3.8829,0.7215,15900
46,51,10,7,7,12,7,3,19,1,1,0,1,0,1880,3331,0,NA,7.9787,0.7215,16240
47,55,12,12,10,10,12,12,20,0,0,0,0,0,2184,2056,0,NA,5.0366,0.7515,21100
31,32,16,12,3,16,12,7,5,1,3,2,1,0,3250,9549,0,NA,7.0769,0.6615,23000
57,58,5,7,3,5,7,7,0,0,0,0,0,0,1520,1828,0,NA,3.6184,0.7715,6340
30,30,12,10,7,13,10,7,3,1,2,1,1,0,3119,1354,0,NA,13.466,0.4915,42250
30,43,12,12,10,17,10,10,3,0,0,0,0,0,640,2978,0,NA,14.531,0.7215,14694
44,45,12,12,7,12,12,7,7,3,3,0,1,0,2250,2845,0,NA,6.8,0.7215,21417
53,53,13,7,16,13,12,7,7,0,0,0,0,0,3000,1816,0,NA,6.6667,0.6615,20200
51,54,8,7,9,8,7,7,1,0,0,0,0,0,2028,2141,0,NA,5.9172,0.7215,12090
39,36,12,12,7,14,7,7,13,3,4,1,1,0,2412,1946,0,NA,10.24,0.6615,24760
52,54,8,7,12,12,3,7,0,0,0,0,0,0,2452,1631,0,NA,8.1566,0.6915,23000
46,50,8,3,9,12,3,7,0,4,4,0,1,0,2304,3721,0,NA,6.6775,0.7215,19365
47,49,12,7,3,12,7,7,12,5,5,0,1,0,3120,2839,0,NA,0.9615,0.9415,5550
52,54,8,7,14,8,3,12,0,2,2,0,1,0,1670,3382,0,NA,16.907,0.4415,68035
45,46,12,10,14,15,14,17,5,2,2,0,1,0,2137,6749,0,NA,13.57,0.6215,29300
60,52,11,7,3,11,7,7,45,0,0,0,0,0,2071,3745,0,NA,8.9329,0.6915,18500
41,54,13,17,7,7,7,7,10,2,2,0,1,0,1960,6024,0,NA,4.7372,0.7215,22582
39,45,8,7,7,12,7,16,2,3,3,0,1,0,2068,5751,0,NA,8.5106,0.7215,21500
49,51,12,7,12,12,7,14,3,1,1,0,1,0,2190,23943,0,NA,5.2511,0.7515,28070
32,37,15,12,7,13,12,7,1,1,2,1,1,0,2295,7841,0,NA,21.786,0.4415,50300
33,34,12,12,12,13,12,7,5,3,4,1,1,0,2970,6928,0,NA,7.9125,0.6615,23500
36,37,10,7,10,8,9,12,10,4,4,0,1,0,2068,8343,0,NA,7.1083,0.7515,15500
37,39,13,7,12,14,0,3,4,3,6,3,1,0,2419,2542,0,NA,5.0434,0.7715,13440
30,34,12,12,3,11,12,7,7,2,3,1,1,0,2150,3056,0,NA,2.2442,0.7815,8100
44,37,11,7,3,10,12,7,9,1,2,1,1,0,1152,3471,0,NA,8.5069,0.7515,9800
48,49,12,7,9,12,12,7,5,1,1,0,1,0,2640,1093,0,NA,7.5758,0.6915,20300
40,45,11,7,10,11,7,10,4,4,4,0,1,0,2550,4977,0,NA,5.8824,0.7515,15000
47,49,13,9,7,16,9,16,11,0,0,0,0,0,1360,9020,0,NA,40.441,0.4415,56100
36,40,12,12,7,12,7,7,9,2,2,0,1,0,2420,935,0,NA,6.2339,0.7215,22846
40,42,11,7,12,14,12,16,4,2,2,0,1,0,2205,3653,0,NA,9.2971,0.6915,22225
46,46,12,12,7,12,7,7,2,1,1,0,1,0,3268,3392,0,NA,0.7038,0.9415,17635
52,54,12,3,7,12,12,12,23,0,0,0,0,0,3672,9020,0,NA,2.5425,0.6915,18500
44,45,12,12,7,12,12,7,3,1,1,0,1,0,1800,3411,0,NA,5.0833,0.7515,13390
45,46,10,7,14,14,7,12,15,1,1,0,1,0,1926,3500,0,NA,7.6843,0.7215,15150
30,35,7,7,7,7,3,7,8,1,3,2,1,0,1920,4980,0,NA,4.0625,0.7815,16200
40,44,12,12,12,12,12,14,3,3,4,1,1,0,2080,2831,0,NA,6.5106,0.6615,33920
43,43,12,7,7,12,12,7,25,1,1,0,1,0,2856,3505,0,NA,2.951,0.7215,14000
49,53,12,12,7,10,3,7,2,2,2,0,1,0,2115,865,0,NA,5.6738,0.7515,16736
46,48,12,12,7,12,12,7,0,4,5,1,1,0,1880,4496,0,NA,12.766,0.6615,30650
52,52,11,7,7,12,7,7,19,0,0,0,0,0,2000,3014,0,NA,6,0.7515,12400
31,33,12,7,3,15,10,7,3,1,2,1,1,0,2044,4177,0,NA,9.2955,0.6915,19022
42,47,10,7,12,11,7,10,7,1,2,1,1,0,1677,17500,0,NA,5.1324,0.7515,11203
33,38,11,7,7,8,14,12,1,3,3,0,1,0,2184,4657,0,NA,9.0659,0.6915,19876
57,57,16,7,12,13,12,7,9,0,0,0,0,0,3185,2930,0,NA,11.931,0.4415,57000
49,51,10,10,3,10,10,7,3,0,0,0,0,0,2680,2104,0,NA,6.7164,0.6915,18290
45,47,14,14,7,14,12,7,8,1,1,0,1,0,3615,2419,0,NA,4.5851,0.6915,20220
56,56,11,7,10,12,7,10,0,0,0,0,0,0,2139,6922,0,NA,9.2567,0.6915,22150
41,43,12,10,10,12,10,7,5,3,4,1,1,0,3080,4979,0,NA,8.5656,0.6215,30623
56,53,5,3,12,6,3,10,20,0,0,0,0,0,1261,6566,0,NA,6.7407,0.7515,9380
48,48,10,7,12,10,7,10,3,1,1,0,1,0,2227,3378,0,NA,9.8788,0.6915,22000
52,53,16,12,12,16,10,7,12,2,2,0,1,0,1920,3284,0,NA,9.375,0.6615,23675
51,55,12,7,12,12,7,7,5,0,0,0,0,0,2350,7448,0,NA,6.277,0.7215,33671
35,39,11,7,9,10,7,9,1,3,3,0,1,0,1785,3792,0,NA,6.4241,0.7515,12367
45,51,12,7,7,12,7,7,0,0,0,0,0,0,2598,1917,0,NA,8.3718,0.6615,21950
54,58,12,7,12,17,7,10,7,0,0,0,0,0,2455,2846,0,NA,12.22,0.5815,32000
54,54,12,10,16,13,10,7,13,2,2,0,1,0,2450,4121,0,NA,3.5612,0.7215,22610
31,32,12,7,14,8,7,7,3,0,1,1,1,0,1218,2720,0,NA,8.867,0.7515,12092
53,54,6,7,14,4,7,7,0,3,3,0,1,0,2040,3571,0,NA,1.8515,0.9415,3777
35,34,14,16,7,14,14,7,2,2,4,2,1,0,2600,2437,0,NA,8.0769,0.5515,36000
36,40,12,12,7,16,16,7,0,3,4,1,1,0,2450,2566,0,NA,8.9796,0.6615,26900
59,60,12,7,3,12,7,7,2,0,0,0,0,0,2717,1962,0,NA,6.6618,0.6615,32242
54,54,16,16,12,17,17,14,1,0,0,0,0,0,2701,6419,0,NA,11.107,0.5815,35020
37,47,12,7,12,17,7,7,10,1,2,1,1,0,2600,3707,0,NA,14.077,0.5515,37600
44,54,12,7,7,10,7,7,10,0,0,0,0,0,3640,1270,0,NA,0.4121,0.9415,1500
34,40,17,12,12,16,12,10,1,2,3,1,1,0,2940,3834,0,NA,23.81,0.4415,96000
49,50,12,7,7,12,7,7,3,0,0,0,0,0,1880,3328,0,NA,9.5745,0.6915,18150
49,51,12,7,3,12,7,7,32,0,0,0,0,0,3500,1863,0,NA,1.9286,0.7215,15500
60,60,9,7,9,8,7,7,0,0,0,0,0,0,3320,5963,0,NA,2.5783,0.7215,14000
51,55,12,7,12,12,7,12,7,0,0,0,0,0,1605,6112,0,NA,7.2274,0.7215,14756
30,30,12,12,7,14,10,7,5,1,2,1,1,0,2500,2180,0,NA,8.8,0.6615,22000
47,49,12,7,0,9,7,7,2,2,2,0,1,0,2400,1519,0,NA,7.75,0.6615,24466
36,45,12,12,10,17,12,7,5,4,4,0,1,0,1634,4442,0,NA,14.688,0.6615,24400
35,38,12,7,12,12,7,3,3,3,4,1,1,0,2260,1843,0,NA,10.487,0.6615,24000
58,53,12,12,7,12,9,3,25,0,0,0,0,0,3478,2587,0,NA,4.0253,0.7215,15500
41,42,14,14,3,16,12,7,0,3,4,1,1,0,2550,1843,0,NA,11.765,0.6215,30800
51,52,10,7,7,8,7,7,3,1,1,0,1,0,840,2194,0,NA,9.5238,0.7515,10660
47,52,12,7,7,12,7,10,10,0,0,0,0,0,1520,4309,0,NA,6.9079,0.7215,13350
45,35,9,12,12,9,3,7,10,2,3,1,1,0,1920,3020,0,NA,5.151,0.7515,10090
60,55,14,16,12,17,14,7,7,0,0,0,0,0,2703,1157,0,NA,20.496,0.4415,55600
30,46,16,12,7,16,12,10,5,1,2,1,1,0,1896,2986,0,NA,13.555,0.6615,25700
55,57,11,7,10,13,3,3,15,0,0,0,0,0,1960,4710,0,NA,14.796,0.5815,29000
32,50,12,10,12,8,7,7,1,2,3,1,1,0,3060,8300,0,NA,1.6905,0.7815,7286
36,38,12,7,7,12,7,7,5,2,2,0,1,0,2805,4817,0,NA,7.2296,0.5215,37752
55,53,12,3,10,7,3,3,9,0,0,0,0,0,1944,2461,0,NA,4.1152,0.7515,13072
47,47,12,3,17,12,3,16,18,0,0,0,0,0,1960,2461,0,NA,2.999,0.7715,7044
47,52,12,7,16,8,7,9,1,1,1,0,1,0,2112,6417,0,NA,8.0492,0.6915,18200
37,39,11,12,10,12,7,7,0,1,1,0,1,0,2544,7126,0,NA,8.577,0.6215,27000
50,53,12,10,3,17,12,7,6,2,2,0,1,0,1700,1944,0,NA,9.3235,0.5815,30300
30,31,12,3,10,12,7,9,1,3,3,0,1,0,2550,5903,0,NA,4.7059,0.7515,12000
48,45,17,16,0,17,17,12,2,1,1,0,1,0,2080,2258,0,NA,9.1346,0.6615,31500
43,49,10,10,10,12,10,7,15,2,2,0,1,0,2060,1178,0,NA,7.767,0.7215,27092
48,46,11,7,7,8,7,7,25,0,1,1,1,0,1955,2206,0,NA,4.1269,0.7515,20968
41,44,14,17,10,17,7,7,1,2,3,1,1,0,2500,2164,0,NA,10,0.6615,27000
50,52,12,7,12,10,10,7,0,0,0,0,0,0,2750,1919,0,NA,4.0727,0.7515,11225
58,59,8,3,12,5,3,14,0,0,0,0,0,0,2040,2776,0,NA,7.8529,0.5815,37700
38,43,13,12,7,15,16,9,0,5,5,0,1,0,3275,772,0,NA,7.8168,0.6615,28200
37,39,12,7,3,12,12,7,8,1,1,0,1,0,2400,2516,0,NA,9.1667,0.6615,34000
50,51,16,12,7,17,7,12,22,0,0,0,0,0,2024,3324,0,NA,29.644,0.4415,63200
42,44,8,3,9,6,3,7,5,4,4,0,1,0,1840,1242,0,NA,4.0761,0.7915,7500
37,37,9,10,7,17,10,7,10,3,4,1,1,0,2033,1753,0,NA,8.362,0.7215,17410
41,40,16,16,7,17,17,7,1,2,2,0,1,0,1946,2636,0,NA,12.062,0.4415,51000
31,31,12,10,9,12,7,7,1,2,2,0,1,0,3660,3227,0,NA,2.3251,0.7515,12916
51,55,12,7,7,11,7,7,6,0,0,0,0,0,2088,2216,0,NA,10.01,0.6615,21900
36,41,12,7,9,12,7,7,4,2,3,1,1,0,2048,1697,0,NA,5.2734,0.7515,17640
54,52,15,14,12,15,16,7,6,0,0,0,0,0,1920,3792,0,NA,10.417,0.6915,20000
49,54,12,7,7,12,7,7,0,0,0,0,0,0,2000,1253,0,NA,7.5,0.7215,15000
48,47,9,10,3,8,12,7,1,1,2,1,1,0,2204,2216,0,NA,6.3521,0.7215,14060
42,45,9,7,12,10,14,7,3,2,2,0,1,0,3157,3246,0,NA,3.8071,0.7215,15825
41,44,12,3,7,14,16,3,15,2,3,1,1,0,1665,2028,0,NA,9.9099,0.7215,16510
55,56,16,12,9,11,12,16,33,0,0,0,0,0,2304,4655,0,NA,2.6701,0.7215,13000
42,46,9,7,7,8,7,7,2,0,0,0,0,0,2275,1326,0,NA,4.3956,0.7515,10000
32,33,15,12,12,17,12,10,1,1,1,0,1,0,2760,2810,0,NA,7.971,0.6615,22000
43,44,12,7,3,14,7,7,10,2,2,0,1,0,1750,3994,0,NA,15.429,0.5815,29800
33,37,12,7,12,13,7,14,0,3,4,1,1,0,3366,3161,0,NA,1.9854,0.7215,15000
48,51,15,10,9,16,14,7,14,1,1,0,1,0,2205,581,0,NA,7.2562,0.7215,22300
43,48,12,3,10,9,16,7,15,2,2,0,1,0,1990,1798,0,NA,7.0352,0.7215,14550
47,57,17,14,12,16,12,7,15,3,4,1,1,0,1930,3942,0,NA,8.1347,0.6915,19730
54,60,12,12,12,12,12,12,10,0,0,0,0,0,1350,4074,0,NA,11.981,0.5515,35000
51,52,12,7,7,12,3,3,6,1,1,0,1,0,3340,2342,0,NA,5.9922,0.6615,21014
51,57,10,14,12,10,7,7,18,1,1,0,1,0,960,2321,0,NA,4.1458,0.7515,10876
43,42,13,12,7,13,10,14,15,1,2,1,1,0,2732,3627,0,NA,8.5102,0.6215,27850
53,59,12,0,12,8,3,12,30,0,0,0,0,0,1624,2846,0,NA,2.9631,0.7515,9560
34,36,11,7,12,12,7,7,15,1,2,1,1,0,1804,2677,0,NA,8.8149,0.6215,30300
31,31,8,7,14,10,7,17,10,1,2,1,1,0,2805,7771,0,NA,2.4955,0.7815,7720
56,59,12,10,14,8,7,7,0,0,0,0,0,0,2160,1621,0,NA,4.8843,0.7515,10550
42,55,16,12,10,15,7,12,0,1,1,0,1,0,2052,2122,0,NA,10.2,0.6615,24106
32,35,12,12,3,16,14,7,4,2,2,0,1,0,2250,3340,0,NA,10,0.6615,22995
35,37,12,12,7,12,12,7,0,3,4,1,1,0,1120,2188,0,NA,5.3571,0.8015,6000
30,36,12,14,12,14,14,12,3,1,2,1,1,0,2450,10077,0,NA,9.7959,0.6615,24350
51,50,10,7,7,11,7,7,20,0,0,0,0,0,3432,3406,0,NA,1.3741,0.7715,7608
47,48,12,7,10,12,7,7,3,3,3,0,1,0,2700,3260,0,NA,3.463,0.7215,28200
54,55,12,3,12,13,7,10,1,1,1,0,1,0,2817,15066,0,NA,5.0408,0.7215,16150
31,34,15,7,3,17,10,10,5,0,3,3,1,0,3000,4335,0,NA,16.667,0.4415,51200
47,45,10,7,12,11,7,12,7,0,0,0,0,0,2125,2405,0,NA,4.3294,0.7515,12646
47,42,14,7,12,16,7,7,6,3,3,0,1,0,1864,4877,0,NA,10.193,0.6915,19000
40,39,12,7,12,12,7,12,2,3,3,0,1,0,2400,1732,0,NA,7.5833,0.7215,19000
48,50,8,3,16,7,3,16,0,0,0,0,0,0,2160,3792,0,NA,4.1204,0.7515,14400
34,51,8,3,7,7,7,7,10,7,7,0,1,0,1040,1843,0,NA,4.8077,0.9415,7232
38,42,12,7,7,16,10,7,6,3,3,0,1,0,2450,4947,0,NA,3.1531,0.7515,21943
32,34,12,7,7,16,10,7,4,3,4,1,1,0,2500,2951,0,NA,19,0.4615,47500
48,45,16,12,7,17,7,7,8,1,1,0,1,0,2131,565,0,NA,6.0535,0.6215,28900
41,46,12,7,12,7,7,10,18,2,2,0,1,0,2165,3028,0,NA,3.7875,0.7715,12400
49,43,5,0,10,3,0,7,7,2,2,0,1,0,2230,3192,0,NA,2.9287,0.7815,6531
59,55,8,3,14,12,7,12,15,0,0,0,0,0,1995,3994,0,NA,9.2972,0.6915,22422
58,57,13,7,7,16,7,14,7,0,0,0,0,0,2025,2930,0,NA,9.3827,0.6615,22200
41,48,12,7,3,15,14,3,8,3,3,0,1,0,2450,4441,0,NA,26.531,0.4415,77000
45,45,12,10,3,12,10,7,8,2,2,0,1,0,2160,1605,0,NA,40.509,0.4415,88000
30,32,14,12,7,17,10,16,3,1,2,1,1,0,1715,5517,0,NA,15.16,0.6215,26040
41,42,12,7,10,16,7,10,10,1,1,0,1,0,3018,1687,0,NA,18.964,0.4415,63500
30,33,12,10,12,16,10,12,9,0,2,2,1,0,2216,9091,0,NA,5.4152,0.7515,12100
53,54,12,12,9,12,7,7,24,1,1,0,1,0,2499,318,0,NA,1.9988,0.7515,17505
31,37,12,10,10,14,7,7,12,0,0,0,0,0,2250,3599,0,NA,8,0.6915,18000
43,44,14,12,7,17,12,7,2,2,2,0,1,0,2116,4602,0,NA,11.153,0.6615,28069
31,30,12,12,12,14,14,7,6,1,2,1,1,0,2016,5236,0,NA,5.9524,0.7515,14000
51,60,12,10,14,10,3,3,18,0,0,0,0,0,2470,5301,0,NA,2.1194,0.7515,8117
43,45,9,7,12,12,7,17,17,0,0,0,0,0,1640,6906,0,NA,3.8384,0.7715,11895
31,34,14,16,3,16,16,7,7,2,3,1,1,0,2016,4709,0,NA,17.361,0.4915,45250
48,48,11,7,12,12,10,12,6,0,0,0,0,0,2185,5192,0,NA,8.0092,0.6915,31106
31,33,12,12,12,14,7,16,10,1,2,1,1,0,800,3627,0,NA,3,0.8015,4000
44,46,12,7,12,12,7,7,5,1,1,0,1,0,3022,2600,0,NA,10.589,0.5815,40500
48,50,11,10,7,14,7,7,7,1,1,0,1,0,1512,6566,0,NA,10.913,0.7215,21620
53,53,12,0,7,12,0,7,11,1,1,0,1,0,2677,4790,0,NA,5.6033,0.7215,23426
42,44,10,3,12,12,3,12,14,3,3,0,1,0,3150,4707,0,NA,7.9365,0.6615,26000
39,34,12,7,10,12,0,7,5,6,8,2,1,0,1430,10604,0,NA,2.9476,0.9415,7840
32,36,10,7,7,4,3,7,2,2,3,1,1,0,3307,6293,0,NA,2.0562,0.7915,6800
36,39,12,7,12,12,12,7,4,2,2,0,1,0,3120,1825,0,NA,1.3013,0.7915,5330
40,43,13,10,7,16,10,12,5,2,2,0,1,0,3020,4701,0,NA,9.2715,0.6215,28200
31,33,12,12,12,12,12,12,14,3,5,2,1,0,2056,2720,0,NA,4.8638,0.7715,10000
43,43,12,10,12,12,3,7,4,0,0,0,0,0,2383,1642,0,NA,1.0898,0.7515,9952
60,55,12,12,10,8,12,7,15,0,0,0,0,0,1705,2447,0,NA,12.44,0.6215,24984
39,48,9,7,7,12,7,10,12,3,3,0,1,0,3120,2327,0,NA,6.0897,0.6915,28363
